{
"type": "FeatureCollection",
"name": "santo_andre_dashboard",
"crs": { "type": "name", "properties": { "name": "urn:ogc:def:crs:OGC:1.3:CRS84" } },
"features": [
{ "type": "Feature", "properties": { "CD_REGIAO": "3", "NM_REGIAO": "Sudeste", "CD_UF": "35", "NM_UF": "São Paulo", "CD_MUN": "3547809", "NM_MUN": "Santo André", "CD_DIST": "354780905", "NM_DIST": "Santo André", "CD_SUBDIST": "35478090500", "NM_SUBDIST": null, "CD_BAIRRO": "3547809021", "NM_BAIRRO": "Vila Sacadura Cabral", "CD_RGINT": "3501", "NM_RGINT": "São Paulo", "CD_RGI": "350001", "NM_RGI": "São Paulo", "CD_CONCURB": "3550308", "NM_CONCURB": "São Paulo/SP" }, "geometry": { "type": "Polygon", "coordinates": [ [ [ -46.555380799999966, -23.659948199999974 ], [ -46.557402299999978, -23.659768 ], [ -46.558389899999952, -23.659491699999933 ], [ -46.559017599999947, -23.658660299999951 ], [ -46.55855349999996, -23.658410499999945 ], [ -46.559745499999963, -23.656911099999945 ], [ -46.560047, -23.657364 ], [ -46.561167599999976, -23.655363199999954 ], [ -46.560343899999964, -23.654780199999948 ], [ -46.553838799999937, -23.651359599999978 ], [ -46.553228899999965, -23.652194 ], [ -46.553898099999969, -23.652579 ], [ -46.553322799999933, -23.653399199999967 ], [ -46.5543, -23.653838 ], [ -46.5538, -23.655875 ], [ -46.55399239999997, -23.656715099999928 ], [ -46.55374889999996, -23.65707939999993 ], [ -46.553950399999962, -23.657695399999966 ], [ -46.553903899999966, -23.659072 ], [ -46.55495929999995, -23.65981789999995 ], [ -46.555380799999966, -23.659948199999974 ] ] ] } },
{ "type": "Feature", "properties": { "CD_REGIAO": "3", "NM_REGIAO": "Sudeste", "CD_UF": "35", "NM_UF": "São Paulo", "CD_MUN": "3547809", "NM_MUN": "Santo André", "CD_DIST": "354780905", "NM_DIST": "Santo André", "CD_SUBDIST": "35478090500", "NM_SUBDIST": null, "CD_BAIRRO": "3547809083", "NM_BAIRRO": "Parque Represa Billings III", "CD_RGINT": "3501", "NM_RGINT": "São Paulo", "CD_RGI": "350001", "NM_RGI": "São Paulo", "CD_CONCURB": "3550308", "NM_CONCURB": "São Paulo/SP" }, "geometry": { "type": "Polygon", "coordinates": [ [ [ -46.46808, -23.777351 ], [ -46.468856, -23.775982 ], [ -46.470231, -23.775187 ], [ -46.470685, -23.774469 ], [ -46.471415, -23.773802 ], [ -46.471915699999954, -23.772753299999977 ], [ -46.473782699999958, -23.772304 ], [ -46.47422819999997, -23.771488399999953 ], [ -46.463774, -23.764051 ], [ -46.463186299999961, -23.765067 ], [ -46.463465799999938, -23.766705699999932 ], [ -46.463323399999979, -23.767142599999943 ], [ -46.462875199999985, -23.76764049999997 ], [ -46.460200599999951, -23.76809929999996 ], [ -46.460188, -23.769496 ], [ -46.459803, -23.769929 ], [ -46.460541, -23.770853 ], [ -46.460848, -23.77276 ], [ -46.461085, -23.773044 ], [ -46.461916, -23.77306 ], [ -46.460267, -23.775337 ], [ -46.4604, -23.77561 ], [ -46.461547, -23.776005 ], [ -46.461797, -23.776301 ], [ -46.462131, -23.778267 ], [ -46.462523, -23.778502 ], [ -46.463504, -23.778027 ], [ -46.463828, -23.778024 ], [ -46.464213, -23.778737 ], [ -46.464569, -23.77896 ], [ -46.465589, -23.778159 ], [ -46.46627, -23.778007 ], [ -46.46701, -23.777571 ], [ -46.467779, -23.777525 ], [ -46.46808, -23.777351 ] ] ] } },
{ "type": "Feature", "properties": { "CD_REGIAO": "3", "NM_REGIAO": "Sudeste", "CD_UF": "35", "NM_UF": "São Paulo", "CD_MUN": "3547809", "NM_MUN": "Santo André", "CD_DIST": "354780905", "NM_DIST": "Santo André", "CD_SUBDIST": "35478090500", "NM_SUBDIST": null, "CD_BAIRRO": "3547809031", "NM_BAIRRO": "Vila Alzira", "CD_RGINT": "3501", "NM_RGINT": "São Paulo", "CD_RGI": "350001", "NM_RGI": "São Paulo", "CD_CONCURB": "3550308", "NM_CONCURB": "São Paulo/SP" }, "geometry": { "type": "Polygon", "coordinates": [ [ [ -46.522458799999981, -23.673646 ], [ -46.522302499999967, -23.672354 ], [ -46.522841, -23.672283 ], [ -46.52241, -23.669879 ], [ -46.521844, -23.669912 ], [ -46.520312099999956, -23.669144599999981 ], [ -46.521576, -23.666999 ], [ -46.520319699999959, -23.666378 ], [ -46.517204499999934, -23.665441299999941 ], [ -46.516862799999956, -23.667057499999942 ], [ -46.516789099999983, -23.670409199999938 ], [ -46.517652899999973, -23.673924499999941 ], [ -46.517250699999977, -23.674725099999932 ], [ -46.518207899999936, -23.674589499999968 ], [ -46.518259599999965, -23.674893199999929 ], [ -46.518666799999949, -23.675389699999982 ], [ -46.519145399999957, -23.675269299999968 ], [ -46.519402, -23.676109 ], [ -46.519746, -23.676018 ], [ -46.520315099999948, -23.678713899999934 ], [ -46.520434699999953, -23.678754 ], [ -46.520357499999932, -23.679304499999944 ], [ -46.520616399999938, -23.679965599999946 ], [ -46.520721699999967, -23.681119199999955 ], [ -46.521550099999956, -23.680911499999979 ], [ -46.521872, -23.6821 ], [ -46.523234699999932, -23.681912099999977 ], [ -46.524535, -23.68308879999995 ], [ -46.525743899999952, -23.683647199999939 ], [ -46.526047699999936, -23.683622799999966 ], [ -46.527361, -23.682833 ], [ -46.527485799999965, -23.68147369999997 ], [ -46.526674499999956, -23.678302499999972 ], [ -46.52521969999998, -23.676558099999966 ], [ -46.523487799999941, -23.676902599999949 ], [ -46.522458799999981, -23.673646 ] ] ] } },
{ "type": "Feature", "properties": { "CD_REGIAO": "3", "NM_REGIAO": "Sudeste", "CD_UF": "35", "NM_UF": "São Paulo", "CD_MUN": "3547809", "NM_MUN": "Santo André", "CD_DIST": "354780905", "NM_DIST": "Santo André", "CD_SUBDIST": "35478090500", "NM_SUBDIST": null, "CD_BAIRRO": "3547809124", "NM_BAIRRO": "Vila João Ramalho", "CD_RGINT": "3501", "NM_RGINT": "São Paulo", "CD_RGI": "350001", "NM_RGI": "São Paulo", "CD_CONCURB": "3550308", "NM_CONCURB": "São Paulo/SP" }, "geometry": { "type": "Polygon", "coordinates": [ [ [ -46.506636899999933, -23.715930599999979 ], [ -46.506642799999952, -23.71609419999993 ], [ -46.507157499999948, -23.715891899999974 ], [ -46.507223299999964, -23.716010399999959 ], [ -46.507530899999949, -23.715779299999951 ], [ -46.508521799999983, -23.715569199999948 ], [ -46.510567199999969, -23.714812199999983 ], [ -46.510689, -23.715043 ], [ -46.511312699999962, -23.71443759999994 ], [ -46.511613199999942, -23.713842099999965 ], [ -46.51265879999994, -23.713654499999961 ], [ -46.512729, -23.713268599999935 ], [ -46.510978899999941, -23.712768499999981 ], [ -46.510450299999945, -23.712267 ], [ -46.510499899999957, -23.711758 ], [ -46.507584, -23.70941 ], [ -46.506090799999981, -23.708632 ], [ -46.505447199999935, -23.709257299999933 ], [ -46.503454, -23.707375499999955 ], [ -46.503097199999957, -23.706668199999967 ], [ -46.5021, -23.708147299999951 ], [ -46.50193, -23.708949 ], [ -46.501448299999936, -23.709703299999944 ], [ -46.504787499999964, -23.712592399999949 ], [ -46.504230799999959, -23.713523699999939 ], [ -46.504281599999956, -23.714046099999962 ], [ -46.503918099999964, -23.71429379999995 ], [ -46.504358, -23.715075699999943 ], [ -46.504852899999946, -23.714665199999956 ], [ -46.505241699999942, -23.716203299999961 ], [ -46.506636899999933, -23.715930599999979 ] ] ] } },
{ "type": "Feature", "properties": { "CD_REGIAO": "3", "NM_REGIAO": "Sudeste", "CD_UF": "35", "NM_UF": "São Paulo", "CD_MUN": "3547809", "NM_MUN": "Santo André", "CD_DIST": "354780905", "NM_DIST": "Santo André", "CD_SUBDIST": "35478090500", "NM_SUBDIST": null, "CD_BAIRRO": "3547809067", "NM_BAIRRO": "Jardim Santo André", "CD_RGINT": "3501", "NM_RGINT": "São Paulo", "CD_RGI": "350001", "NM_RGI": "São Paulo", "CD_CONCURB": "3550308", "NM_CONCURB": "São Paulo/SP" }, "geometry": { "type": "Polygon", "coordinates": [ [ [ -46.500379699999939, -23.711846199999968 ], [ -46.50193, -23.708949 ], [ -46.5021, -23.708147299999951 ], [ -46.503097199999957, -23.706668199999967 ], [ -46.503243699999985, -23.704515499999957 ], [ -46.50417479999993, -23.700385399999959 ], [ -46.502136299999961, -23.699982899999952 ], [ -46.502121799999941, -23.701004 ], [ -46.501742, -23.702751 ], [ -46.50081739999996, -23.702486599999929 ], [ -46.499893199999974, -23.701444899999956 ], [ -46.498829199999932, -23.702322399999957 ], [ -46.499961, -23.703628 ], [ -46.498675699999978, -23.703589399999942 ], [ -46.49788019999994, -23.704226699999936 ], [ -46.497304799999938, -23.705431199999964 ], [ -46.49785769999994, -23.705496299999936 ], [ -46.498363499999982, -23.70636589999998 ], [ -46.499063899999953, -23.706127399999957 ], [ -46.499518, -23.70707 ], [ -46.497997, -23.707722599999954 ], [ -46.496733, -23.708850899999959 ], [ -46.497203, -23.712119799999982 ], [ -46.500379699999939, -23.711846199999968 ] ] ] } },
{ "type": "Feature", "properties": { "CD_REGIAO": "3", "NM_REGIAO": "Sudeste", "CD_UF": "35", "NM_UF": "São Paulo", "CD_MUN": "3547809", "NM_MUN": "Santo André", "CD_DIST": "354780905", "NM_DIST": "Santo André", "CD_SUBDIST": "35478090500", "NM_SUBDIST": null, "CD_BAIRRO": "3547809029", "NM_BAIRRO": "Vila América", "CD_RGINT": "3501", "NM_RGINT": "São Paulo", "CD_RGI": "350001", "NM_RGI": "São Paulo", "CD_CONCURB": "3550308", "NM_CONCURB": "São Paulo/SP" }, "geometry": { "type": "Polygon", "coordinates": [ [ [ -46.510977499999967, -23.669153299999948 ], [ -46.511891399999968, -23.666879899999969 ], [ -46.511793799999964, -23.665803 ], [ -46.511429299999975, -23.664475799999934 ], [ -46.510263899999984, -23.664560199999983 ], [ -46.509383, -23.6643 ], [ -46.506958, -23.665755 ], [ -46.505819, -23.666667 ], [ -46.50462, -23.668412 ], [ -46.503179, -23.669429 ], [ -46.504632599999979, -23.671360899999968 ], [ -46.505029899999954, -23.671277099999941 ], [ -46.505154699999935, -23.671078499999965 ], [ -46.505879499999935, -23.67157119999996 ], [ -46.507462099999941, -23.672257499999944 ], [ -46.50693519999993, -23.673116 ], [ -46.507389699999976, -23.673798099999942 ], [ -46.508191699999941, -23.67182669999994 ], [ -46.508786399999963, -23.671281299999976 ], [ -46.510170499999958, -23.670430799999963 ], [ -46.510977499999967, -23.669153299999948 ] ] ] } },
{ "type": "Feature", "properties": { "CD_REGIAO": "3", "NM_REGIAO": "Sudeste", "CD_UF": "35", "NM_UF": "São Paulo", "CD_MUN": "3547809", "NM_MUN": "Santo André", "CD_DIST": "354780905", "NM_DIST": "Santo André", "CD_SUBDIST": "35478090500", "NM_SUBDIST": null, "CD_BAIRRO": "3547809072", "NM_BAIRRO": "Parque do Pedroso", "CD_RGINT": "3501", "NM_RGINT": "São Paulo", "CD_RGI": "350001", "NM_RGI": "São Paulo", "CD_CONCURB": "3550308", "NM_CONCURB": "São Paulo/SP" }, "geometry": { "type": "Polygon", "coordinates": [ [ [ -46.500053, -23.713605 ], [ -46.499373599999956, -23.713393699999983 ], [ -46.49785049999997, -23.714108599999975 ], [ -46.496819, -23.714952799999935 ], [ -46.495052499999986, -23.715121799999963 ], [ -46.493518699999981, -23.715682899999933 ], [ -46.493119399999955, -23.715673699999968 ], [ -46.492377599999941, -23.714945599999965 ], [ -46.491149899999982, -23.714349899999945 ], [ -46.490390199999979, -23.713405099999932 ], [ -46.490280499999983, -23.711941 ], [ -46.490108599999985, -23.711541 ], [ -46.489812, -23.711392 ], [ -46.487773, -23.711142 ], [ -46.483751, -23.711232 ], [ -46.48471, -23.713318499999957 ], [ -46.484504399999935, -23.714239 ], [ -46.484185199999956, -23.714558199999942 ], [ -46.484311699999978, -23.715027899999939 ], [ -46.484965099999954, -23.71532 ], [ -46.485347599999955, -23.715753699999937 ], [ -46.485449899999935, -23.716626899999937 ], [ -46.485305399999959, -23.717050499999971 ], [ -46.486198699999932, -23.718 ], [ -46.487006799999961, -23.719565899999964 ], [ -46.488345199999969, -23.719879 ], [ -46.488813, -23.720911 ], [ -46.489565, -23.721719 ], [ -46.489611399999944, -23.722573599999976 ], [ -46.489989599999944, -23.722253499999965 ], [ -46.489831, -23.721256499999981 ], [ -46.490078899999958, -23.720323899999983 ], [ -46.490709699999968, -23.720636599999978 ], [ -46.490381599999978, -23.722503699999947 ], [ -46.489794399999937, -23.723712 ], [ -46.489385599999935, -23.723574199999973 ], [ -46.489649899999961, -23.724150099999974 ], [ -46.489012, -23.724824799999965 ], [ -46.48971789999996, -23.724695499999939 ], [ -46.490420899999947, -23.725197299999934 ], [ -46.488432299999943, -23.726101399999948 ], [ -46.487793, -23.726951199999974 ], [ -46.487021, -23.728532 ], [ -46.487382599999933, -23.729767799999934 ], [ -46.487925, -23.729966199999978 ], [ -46.487933899999973, -23.730306499999983 ], [ -46.488417, -23.730840299999954 ], [ -46.488422199999945, -23.731374899999935 ], [ -46.488196099999982, -23.731353 ], [ -46.487965799999984, -23.731769 ], [ -46.488133299999959, -23.733021399999927 ], [ -46.488691299999971, -23.733125499999971 ], [ -46.488668799999971, -23.733486099999936 ], [ -46.488963899999931, -23.733621299999982 ], [ -46.488266899999985, -23.733872599999927 ], [ -46.487718399999949, -23.734372099999973 ], [ -46.487212799999952, -23.737267799999927 ], [ -46.487717199999963, -23.73723629999995 ], [ -46.489069699999959, -23.736451399999964 ], [ -46.489516399999957, -23.736761799999954 ], [ -46.489324799999963, -23.73701079999995 ], [ -46.488609399999973, -23.737268 ], [ -46.488280699999962, -23.738156599999968 ], [ -46.488283699999954, -23.739126499999941 ], [ -46.490361599999972, -23.737618699999928 ], [ -46.490571099999954, -23.736675799999944 ], [ -46.491115399999956, -23.736126699999943 ], [ -46.491417699999943, -23.735519699999941 ], [ -46.49122049999994, -23.73546349999998 ], [ -46.491107, -23.735686299999941 ], [ -46.490681499999937, -23.735808299999974 ], [ -46.490774399999964, -23.735124699999972 ], [ -46.491205299999933, -23.734798299999966 ], [ -46.491075599999931, -23.733682499999929 ], [ -46.491244199999983, -23.732683599999973 ], [ -46.491153399999973, -23.732242399999961 ], [ -46.490894, -23.731995899999959 ], [ -46.491010699999947, -23.73149 ], [ -46.490635499999939, -23.730172099999947 ], [ -46.491037799999958, -23.729879499999981 ], [ -46.491612399999951, -23.73014139999998 ], [ -46.493451499999935, -23.729464 ], [ -46.493821699999955, -23.729921299999944 ], [ -46.494579899999962, -23.730362199999945 ], [ -46.494514899999956, -23.730453899999929 ], [ -46.493511599999977, -23.730291299999976 ], [ -46.492457099999967, -23.730861499999946 ], [ -46.491982299999961, -23.731339499999933 ], [ -46.49242019999997, -23.732504199999937 ], [ -46.492725899999982, -23.732593299999962 ], [ -46.492839299999957, -23.733660799999939 ], [ -46.493095499999981, -23.733959199999958 ], [ -46.492891899999961, -23.734348 ], [ -46.49317549999995, -23.734580799999947 ], [ -46.493477699999971, -23.73437679999995 ], [ -46.494224, -23.735109 ], [ -46.494545199999948, -23.735034599999949 ], [ -46.495618099999945, -23.735629899999935 ], [ -46.49610139999993, -23.735608099999979 ], [ -46.49645449999997, -23.735340299999962 ], [ -46.49671479999995, -23.735407399999929 ], [ -46.496428799999933, -23.735922399999936 ], [ -46.498189199999956, -23.736714799999959 ], [ -46.498096099999941, -23.737478 ], [ -46.498523199999966, -23.738101899999947 ], [ -46.500055, -23.738532599999928 ], [ -46.502146299999936, -23.739731 ], [ -46.503084399999977, -23.739898899999957 ], [ -46.503551199999947, -23.739777199999935 ], [ -46.502378299999975, -23.740728399999966 ], [ -46.502699199999938, -23.741211 ], [ -46.503160599999944, -23.740920099999983 ], [ -46.503376399999979, -23.741091899999958 ], [ -46.503098799999975, -23.741343499999971 ], [ -46.503175599999963, -23.741793499999972 ], [ -46.502680799999951, -23.742209699999933 ], [ -46.501792099999932, -23.741470199999981 ], [ -46.50028059999994, -23.742592399999978 ], [ -46.500127599999985, -23.742556199999967 ], [ -46.500639199999966, -23.743543199999976 ], [ -46.500314799999956, -23.743707599999937 ], [ -46.499248399999942, -23.743790399999966 ], [ -46.498440599999981, -23.742617899999971 ], [ -46.497057599999948, -23.741566 ], [ -46.496558299999947, -23.741929199999959 ], [ -46.496359599999948, -23.743002499999932 ], [ -46.497055199999977, -23.743539099999964 ], [ -46.497386499999948, -23.743996299999935 ], [ -46.497479299999952, -23.744698599999936 ], [ -46.497777399999961, -23.744910599999969 ], [ -46.497916499999974, -23.74493039999993 ], [ -46.498194799999965, -23.744526299999961 ], [ -46.49870489999995, -23.744705199999942 ], [ -46.498950099999945, -23.745016599999929 ], [ -46.498950099999945, -23.74540079999997 ], [ -46.499360899999942, -23.745573099999945 ], [ -46.49984319999993, -23.745309199999951 ], [ -46.500105399999939, -23.745935599999939 ], [ -46.501095, -23.746273 ], [ -46.501864, -23.745831 ], [ -46.50232, -23.745014 ], [ -46.504009, -23.744795 ], [ -46.505509, -23.744146 ], [ -46.506203, -23.7434 ], [ -46.506465, -23.743324 ], [ -46.506734, -23.743395 ], [ -46.507005, -23.743738 ], [ -46.50753, -23.745163 ], [ -46.508501, -23.74572 ], [ -46.509312, -23.746644 ], [ -46.510228, -23.746862 ], [ -46.51171, -23.747685 ], [ -46.512164, -23.747607 ], [ -46.513279, -23.746783 ], [ -46.513547, -23.746781 ], [ -46.514549, -23.747632 ], [ -46.518356, -23.748138 ], [ -46.519065, -23.749166 ], [ -46.519522, -23.749358 ], [ -46.521206, -23.749094 ], [ -46.522664, -23.750092 ], [ -46.524831, -23.749873 ], [ -46.526238, -23.748923 ], [ -46.527816, -23.74861 ], [ -46.52792, -23.748388 ], [ -46.527556, -23.747085 ], [ -46.526445, -23.745888 ], [ -46.525557, -23.745626 ], [ -46.523046, -23.746094 ], [ -46.521115, -23.745817 ], [ -46.519549, -23.744773 ], [ -46.519196, -23.744408 ], [ -46.518594, -23.743254 ], [ -46.517537, -23.742204 ], [ -46.517767, -23.741266 ], [ -46.518476, -23.740026 ], [ -46.517786, -23.738283 ], [ -46.517752, -23.737701 ], [ -46.519428, -23.735804 ], [ -46.520315, -23.73534 ], [ -46.520331, -23.734855 ], [ -46.519575, -23.733162 ], [ -46.517838, -23.731158 ], [ -46.516879, -23.727813 ], [ -46.516955, -23.726720499999942 ], [ -46.515554, -23.727088 ], [ -46.51449, -23.72705 ], [ -46.514201299999968, -23.726358 ], [ -46.51222439999998, -23.725524899999982 ], [ -46.511926499999959, -23.721763899999928 ], [ -46.510770599999944, -23.719885899999952 ], [ -46.511093699999947, -23.719410399999958 ], [ -46.511992899999939, -23.71886109999997 ], [ -46.511864799999955, -23.718712799999935 ], [ -46.51129549999996, -23.719053799999983 ], [ -46.510504399999945, -23.718422299999929 ], [ -46.509733899999958, -23.718729399999972 ], [ -46.509324, -23.718729399999972 ], [ -46.508727299999975, -23.719196599999975 ], [ -46.50843, -23.719965199999933 ], [ -46.507707699999969, -23.720104499999934 ], [ -46.50703969999995, -23.718875699999955 ], [ -46.506722, -23.717529 ], [ -46.506139699999949, -23.717496 ], [ -46.506141399999933, -23.716887899999961 ], [ -46.506636899999933, -23.715930599999979 ], [ -46.505214799999976, -23.716313899999932 ], [ -46.503405799999939, -23.715736399999969 ], [ -46.501953399999934, -23.714080499999966 ], [ -46.500317299999949, -23.713278899999978 ], [ -46.500053, -23.713605 ] ] ] } },
{ "type": "Feature", "properties": { "CD_REGIAO": "3", "NM_REGIAO": "Sudeste", "CD_UF": "35", "NM_UF": "São Paulo", "CD_MUN": "3547809", "NM_MUN": "Santo André", "CD_DIST": "354780905", "NM_DIST": "Santo André", "CD_SUBDIST": "35478090500", "NM_SUBDIST": null, "CD_BAIRRO": "3547809127", "NM_BAIRRO": "Miami / Riviera", "CD_RGINT": "3501", "NM_RGINT": "São Paulo", "CD_RGI": "350001", "NM_RGI": "São Paulo", "CD_CONCURB": "3550308", "NM_CONCURB": "São Paulo/SP" }, "geometry": { "type": "Polygon", "coordinates": [ [ [ -46.496319799999981, -23.747210499999937 ], [ -46.496830199999977, -23.747115099999974 ], [ -46.497447799999975, -23.74673329999996 ], [ -46.497826299999986, -23.747032699999977 ], [ -46.499123, -23.746142 ], [ -46.500105399999939, -23.745935599999939 ], [ -46.49984319999993, -23.745309199999951 ], [ -46.499360899999942, -23.745573099999945 ], [ -46.498950099999945, -23.74540079999997 ], [ -46.498950099999945, -23.745016599999929 ], [ -46.49870489999995, -23.744705199999942 ], [ -46.498194799999965, -23.744526299999961 ], [ -46.497916499999974, -23.74493039999993 ], [ -46.497479299999952, -23.744698599999936 ], [ -46.497386499999948, -23.743996299999935 ], [ -46.496359599999948, -23.743002499999932 ], [ -46.496558299999947, -23.741929199999959 ], [ -46.497057599999948, -23.741566 ], [ -46.498440599999981, -23.742617899999971 ], [ -46.499248399999942, -23.743790399999966 ], [ -46.500314799999956, -23.743707599999937 ], [ -46.500639199999966, -23.743543199999976 ], [ -46.500127599999985, -23.742556199999967 ], [ -46.50028059999994, -23.742592399999978 ], [ -46.501792099999932, -23.741470199999981 ], [ -46.502680799999951, -23.742209699999933 ], [ -46.503175599999963, -23.741793499999972 ], [ -46.503098799999975, -23.741343499999971 ], [ -46.503376399999979, -23.741091899999958 ], [ -46.503160599999944, -23.740920099999983 ], [ -46.502699199999938, -23.741211 ], [ -46.502378299999975, -23.740728399999966 ], [ -46.503551199999947, -23.739777199999935 ], [ -46.503084399999977, -23.739898899999957 ], [ -46.502146299999936, -23.739731 ], [ -46.500055, -23.738532599999928 ], [ -46.498523199999966, -23.738101899999947 ], [ -46.498096099999941, -23.737478 ], [ -46.498189199999956, -23.736714799999959 ], [ -46.496428799999933, -23.735922399999936 ], [ -46.49671479999995, -23.735407399999929 ], [ -46.49645449999997, -23.735340299999962 ], [ -46.49610139999993, -23.735608099999979 ], [ -46.495618099999945, -23.735629899999935 ], [ -46.494545199999948, -23.735034599999949 ], [ -46.494224, -23.735109 ], [ -46.493477699999971, -23.73437679999995 ], [ -46.49317549999995, -23.734580799999947 ], [ -46.492891899999961, -23.734348 ], [ -46.493095499999981, -23.733959199999958 ], [ -46.492839299999957, -23.733660799999939 ], [ -46.492725899999982, -23.732593299999962 ], [ -46.49242019999997, -23.732504199999937 ], [ -46.491982299999961, -23.731339499999933 ], [ -46.492457099999967, -23.730861499999946 ], [ -46.493511599999977, -23.730291299999976 ], [ -46.494579899999962, -23.730362199999945 ], [ -46.493821699999955, -23.729921299999944 ], [ -46.493451499999935, -23.729464 ], [ -46.491612399999951, -23.73014139999998 ], [ -46.491037799999958, -23.729879499999981 ], [ -46.490635499999939, -23.730172099999947 ], [ -46.491010699999947, -23.73149 ], [ -46.490894, -23.731995899999959 ], [ -46.491153399999973, -23.732242399999961 ], [ -46.491244199999983, -23.732683599999973 ], [ -46.491075599999931, -23.733682499999929 ], [ -46.491205299999933, -23.734798299999966 ], [ -46.490774399999964, -23.735124699999972 ], [ -46.490681499999937, -23.735808299999974 ], [ -46.491107, -23.735686299999941 ], [ -46.49122049999994, -23.73546349999998 ], [ -46.491417699999943, -23.735519699999941 ], [ -46.491115399999956, -23.736126699999943 ], [ -46.490571099999954, -23.736675799999944 ], [ -46.490361599999972, -23.737618699999928 ], [ -46.488283699999954, -23.739126499999941 ], [ -46.488296499999933, -23.739320599999928 ], [ -46.488882799999942, -23.739112099999943 ], [ -46.489162399999941, -23.739102199999934 ], [ -46.489236299999959, -23.739243699999975 ], [ -46.488777399999947, -23.739783699999975 ], [ -46.488706499999978, -23.740554799999927 ], [ -46.488856599999963, -23.74086159999996 ], [ -46.488656, -23.741719099999955 ], [ -46.489373399999977, -23.742444099999943 ], [ -46.489799399999981, -23.742494 ], [ -46.491166, -23.741627199999982 ], [ -46.492478699999936, -23.739707899999928 ], [ -46.492904, -23.739582799999937 ], [ -46.493079, -23.739364199999955 ], [ -46.493787199999986, -23.73996829999993 ], [ -46.494491899999957, -23.73998249999994 ], [ -46.493142699999964, -23.740502099999958 ], [ -46.492664599999955, -23.741096599999935 ], [ -46.49243279999996, -23.741652299999942 ], [ -46.492446599999937, -23.742602 ], [ -46.492265499999974, -23.742794899999978 ], [ -46.491495, -23.742789199999947 ], [ -46.49102339999996, -23.742951799999958 ], [ -46.490221199999951, -23.743444099999977 ], [ -46.489680599999986, -23.744122699999934 ], [ -46.489865599999973, -23.744965899999954 ], [ -46.490557199999955, -23.745270499999947 ], [ -46.490506899999957, -23.745493 ], [ -46.490145799999937, -23.745495399999982 ], [ -46.48995919999993, -23.745668399999943 ], [ -46.490032299999939, -23.745884399999966 ], [ -46.490582399999937, -23.746265599999958 ], [ -46.490532, -23.74654849999996 ], [ -46.489864599999976, -23.746448799999939 ], [ -46.489285, -23.746653699999968 ], [ -46.488793199999975, -23.747753699999976 ], [ -46.488712599999985, -23.748312399999975 ], [ -46.488889699999959, -23.748565299999939 ], [ -46.489707299999964, -23.748831499999937 ], [ -46.489875499999982, -23.74907509999997 ], [ -46.489044499999977, -23.749351199999978 ], [ -46.488855699999931, -23.750079099999937 ], [ -46.489146299999959, -23.750416299999983 ], [ -46.490873199999953, -23.749906499999952 ], [ -46.491314399999965, -23.749567899999931 ], [ -46.491880599999945, -23.74984059999997 ], [ -46.49112539999993, -23.750374799999975 ], [ -46.49118459999994, -23.750927099999956 ], [ -46.491855499999986, -23.75114229999997 ], [ -46.492375099999947, -23.750968799999953 ], [ -46.492984499999977, -23.751255399999934 ], [ -46.493682499999977, -23.751066799999933 ], [ -46.494657599999982, -23.750203499999941 ], [ -46.495579299999974, -23.747897199999954 ], [ -46.496319799999981, -23.747210499999937 ] ] ] } },
{ "type": "Feature", "properties": { "CD_REGIAO": "3", "NM_REGIAO": "Sudeste", "CD_UF": "35", "NM_UF": "São Paulo", "CD_MUN": "3547809", "NM_MUN": "Santo André", "CD_DIST": "354780905", "NM_DIST": "Santo André", "CD_SUBDIST": "35478090500", "NM_SUBDIST": null, "CD_BAIRRO": "3547809022", "NM_BAIRRO": "Vila Alpina", "CD_RGINT": "3501", "NM_RGINT": "São Paulo", "CD_RGI": "350001", "NM_RGI": "São Paulo", "CD_CONCURB": "3550308", "NM_CONCURB": "São Paulo/SP" }, "geometry": { "type": "Polygon", "coordinates": [ [ [ -46.543865399999959, -23.653535699999964 ], [ -46.545343699999933, -23.653997299999958 ], [ -46.54681549999998, -23.649772499999983 ], [ -46.547131799999931, -23.649377 ], [ -46.545919399999946, -23.64797139999996 ], [ -46.545578, -23.648142 ], [ -46.546095299999934, -23.649371 ], [ -46.545039699999961, -23.650906299999974 ], [ -46.543301699999972, -23.651196499999969 ], [ -46.540552099999957, -23.649814499999934 ], [ -46.538706899999966, -23.652821199999948 ], [ -46.538307299999985, -23.65401 ], [ -46.543628599999977, -23.654154299999959 ], [ -46.543865399999959, -23.653535699999964 ] ] ] } },
{ "type": "Feature", "properties": { "CD_REGIAO": "3", "NM_REGIAO": "Sudeste", "CD_UF": "35", "NM_UF": "São Paulo", "CD_MUN": "3547809", "NM_MUN": "Santo André", "CD_DIST": "354780905", "NM_DIST": "Santo André", "CD_SUBDIST": "35478090500", "NM_SUBDIST": null, "CD_BAIRRO": "3547809060", "NM_BAIRRO": "Vila Lutécia", "CD_RGINT": "3501", "NM_RGINT": "São Paulo", "CD_RGI": "350001", "NM_RGI": "São Paulo", "CD_CONCURB": "3550308", "NM_CONCURB": "São Paulo/SP" }, "geometry": { "type": "Polygon", "coordinates": [ [ [ -46.502591099999961, -23.69203159999995 ], [ -46.501639499999953, -23.69185669999996 ], [ -46.501718099999948, -23.691513699999973 ], [ -46.498296499999981, -23.69077029999994 ], [ -46.498077299999977, -23.690937 ], [ -46.498236499999962, -23.690942799999959 ], [ -46.498468599999967, -23.692611199999931 ], [ -46.499467399999958, -23.692866899999956 ], [ -46.499736499999983, -23.693119499999966 ], [ -46.500152699999944, -23.69272239999998 ], [ -46.500498, -23.693034399999931 ], [ -46.500410899999963, -23.693341199999963 ], [ -46.49932519999993, -23.694519499999956 ], [ -46.500038, -23.694784799999979 ], [ -46.501025699999957, -23.69448669999997 ], [ -46.503007699999955, -23.694484399999965 ], [ -46.504143599999963, -23.694691099999943 ], [ -46.503565499999979, -23.697922799999958 ], [ -46.503537, -23.698481199999947 ], [ -46.503736, -23.69872 ], [ -46.504057799999941, -23.69799729999994 ], [ -46.504416599999956, -23.698077599999976 ], [ -46.504303399999969, -23.69736039999998 ], [ -46.504758599999946, -23.694755599999951 ], [ -46.504891899999961, -23.694517599999983 ], [ -46.505742599999962, -23.694151699999964 ], [ -46.505884599999945, -23.693606099999954 ], [ -46.506778699999984, -23.693203399999959 ], [ -46.507011899999952, -23.692157099999974 ], [ -46.506214399999976, -23.691824799999949 ], [ -46.50615259999995, -23.692242399999941 ], [ -46.502668899999946, -23.691657599999928 ], [ -46.502591099999961, -23.69203159999995 ] ] ] } },
{ "type": "Feature", "properties": { "CD_REGIAO": "3", "NM_REGIAO": "Sudeste", "CD_UF": "35", "NM_UF": "São Paulo", "CD_MUN": "3547809", "NM_MUN": "Santo André", "CD_DIST": "354780905", "NM_DIST": "Santo André", "CD_SUBDIST": "35478090500", "NM_SUBDIST": null, "CD_BAIRRO": "3547809078", "NM_BAIRRO": "Waisberg II", "CD_RGINT": "3501", "NM_RGINT": "São Paulo", "CD_RGI": "350001", "NM_RGI": "São Paulo", "CD_CONCURB": "3550308", "NM_CONCURB": "São Paulo/SP" }, "geometry": { "type": "Polygon", "coordinates": [ [ [ -46.482439399999976, -23.736398699999938 ], [ -46.476203899999973, -23.745062399999938 ], [ -46.475352, -23.746935299999961 ], [ -46.471907299999941, -23.750380199999938 ], [ -46.471972799999946, -23.751108199999976 ], [ -46.473130399999945, -23.752626799999973 ], [ -46.47350739999996, -23.752853499999958 ], [ -46.474121699999955, -23.754373599999951 ], [ -46.474681199999964, -23.75426669999996 ], [ -46.475065799999982, -23.753712399999984 ], [ -46.474888599999986, -23.752936899999952 ], [ -46.474949299999935, -23.75185289999996 ], [ -46.475487899999962, -23.749097899999981 ], [ -46.476949899999966, -23.747909199999981 ], [ -46.476110099999971, -23.749363499999959 ], [ -46.475770399999931, -23.750963399999932 ], [ -46.475933699999985, -23.751277399999935 ], [ -46.477635699999951, -23.750872199999947 ], [ -46.476176799999962, -23.751943799999935 ], [ -46.475945399999944, -23.752601899999945 ], [ -46.476069499999937, -23.753103099999976 ], [ -46.476686299999983, -23.753194399999927 ], [ -46.47811889999997, -23.752866499999982 ], [ -46.479135199999973, -23.752996499999938 ], [ -46.479541299999937, -23.752213499999982 ], [ -46.479858199999967, -23.752649799999972 ], [ -46.480395199999975, -23.752754299999935 ], [ -46.480810099999985, -23.753056199999946 ], [ -46.481266799999958, -23.753072499999973 ], [ -46.481385199999977, -23.752611199999933 ], [ -46.481699, -23.752367599999957 ], [ -46.481747199999973, -23.753036099999974 ], [ -46.483136499999944, -23.753488799999957 ], [ -46.483344, -23.753909499999963 ], [ -46.483626299999969, -23.753936599999975 ], [ -46.484224499999982, -23.753306599999974 ], [ -46.485234799999944, -23.753601899999978 ], [ -46.486478299999931, -23.753352899999982 ], [ -46.487263, -23.752658099999962 ], [ -46.487556599999948, -23.752120799999943 ], [ -46.487432499999954, -23.751773399999934 ], [ -46.486468799999955, -23.751518699999963 ], [ -46.485762099999931, -23.751822699999934 ], [ -46.485429199999942, -23.751806899999963 ], [ -46.485213599999952, -23.751439299999959 ], [ -46.484433899999942, -23.751037499999939 ], [ -46.483851799999968, -23.750974499999927 ], [ -46.48290819999994, -23.750556299999971 ], [ -46.486331299999961, -23.750800799999979 ], [ -46.486640799999975, -23.750624 ], [ -46.486911, -23.749662799999953 ], [ -46.486197, -23.748460799999975 ], [ -46.485411499999941, -23.748231099999941 ], [ -46.484975, -23.747918699999957 ], [ -46.483075299999939, -23.747409499999947 ], [ -46.482218299999943, -23.747357299999976 ], [ -46.482111099999941, -23.746813599999939 ], [ -46.482551399999977, -23.74677829999996 ], [ -46.484333699999979, -23.747340699999938 ], [ -46.486564499999986, -23.747667699999965 ], [ -46.487121899999977, -23.747614 ], [ -46.48736219999995, -23.747194199999967 ], [ -46.48754189999994, -23.746245299999941 ], [ -46.48708849999997, -23.745453899999973 ], [ -46.488232799999935, -23.745190899999955 ], [ -46.488042699999937, -23.744678499999964 ], [ -46.48811829999994, -23.744207199999948 ], [ -46.487568, -23.743801 ], [ -46.486669399999982, -23.743956599999933 ], [ -46.485966799999971, -23.743885899999952 ], [ -46.486793299999931, -23.74348109999994 ], [ -46.487136599999985, -23.743503799999928 ], [ -46.487550499999941, -23.743141699999967 ], [ -46.487454099999979, -23.74291889999995 ], [ -46.486902899999961, -23.74267489999994 ], [ -46.484965, -23.743089399999974 ], [ -46.486681199999964, -23.742360199999951 ], [ -46.487247199999956, -23.741488199999935 ], [ -46.486915899999985, -23.741128299999957 ], [ -46.486984799999959, -23.740932899999962 ], [ -46.48625949999996, -23.740579 ], [ -46.48408139999998, -23.74090979999994 ], [ -46.486563699999977, -23.739917299999945 ], [ -46.486624799999959, -23.739223599999946 ], [ -46.486901099999955, -23.738875399999984 ], [ -46.486829799999953, -23.738180799999952 ], [ -46.486214599999983, -23.737802 ], [ -46.485351099999946, -23.737772599999971 ], [ -46.48563189999993, -23.737181599999928 ], [ -46.485435199999984, -23.736887599999932 ], [ -46.483181099999968, -23.736208 ], [ -46.482439399999976, -23.736398699999938 ] ] ] } },
{ "type": "Feature", "properties": { "CD_REGIAO": "3", "NM_REGIAO": "Sudeste", "CD_UF": "35", "NM_UF": "São Paulo", "CD_MUN": "3547809", "NM_MUN": "Santo André", "CD_DIST": "354780905", "NM_DIST": "Santo André", "CD_SUBDIST": "35478090500", "NM_SUBDIST": null, "CD_BAIRRO": "3547809079", "NM_BAIRRO": "Sítio dos Teco", "CD_RGINT": "3501", "NM_RGINT": "São Paulo", "CD_RGI": "350001", "NM_RGI": "São Paulo", "CD_CONCURB": "3550308", "NM_CONCURB": "São Paulo/SP" }, "geometry": { "type": "Polygon", "coordinates": [ [ [ -46.453962, -23.757132499999955 ], [ -46.458442, -23.760273 ], [ -46.465752099999975, -23.752561 ], [ -46.465197899999964, -23.751940799999943 ], [ -46.464979099999937, -23.751381299999935 ], [ -46.464284099999986, -23.750906899999961 ], [ -46.462959199999943, -23.750120399999957 ], [ -46.461725199999933, -23.750029299999937 ], [ -46.461110199999951, -23.749773199999936 ], [ -46.461392699999976, -23.748675299999945 ], [ -46.461109799999974, -23.748401399999977 ], [ -46.457828, -23.750658 ], [ -46.456943, -23.751916 ], [ -46.456919, -23.752931 ], [ -46.45796, -23.754772 ], [ -46.457908, -23.755671 ], [ -46.457312, -23.7562 ], [ -46.455263, -23.75655 ], [ -46.454442, -23.756789 ], [ -46.453962, -23.757132499999955 ] ] ] } },
{ "type": "Feature", "properties": { "CD_REGIAO": "3", "NM_REGIAO": "Sudeste", "CD_UF": "35", "NM_UF": "São Paulo", "CD_MUN": "3547809", "NM_MUN": "Santo André", "CD_DIST": "354780905", "NM_DIST": "Santo André", "CD_SUBDIST": "35478090500", "NM_SUBDIST": null, "CD_BAIRRO": "3547809046", "NM_BAIRRO": "Parque Gerassi", "CD_RGINT": "3501", "NM_RGINT": "São Paulo", "CD_RGI": "350001", "NM_RGI": "São Paulo", "CD_CONCURB": "3550308", "NM_CONCURB": "São Paulo/SP" }, "geometry": { "type": "Polygon", "coordinates": [ [ [ -46.49297619999993, -23.682915299999934 ], [ -46.495802499999968, -23.682560299999977 ], [ -46.49616629999997, -23.681311099999959 ], [ -46.496947, -23.680405 ], [ -46.497189899999967, -23.679688499999941 ], [ -46.498188, -23.678151 ], [ -46.497958499999982, -23.67773649999998 ], [ -46.497135399999934, -23.676841199999956 ], [ -46.496754599999974, -23.67664659999997 ], [ -46.496899799999937, -23.677660099999969 ], [ -46.49625, -23.67887 ], [ -46.49598409999993, -23.679135899999949 ], [ -46.494704299999967, -23.679233099999976 ], [ -46.494523, -23.678297 ], [ -46.493236899999943, -23.678237 ], [ -46.492546, -23.677909499999942 ], [ -46.491822, -23.677492499999971 ], [ -46.491697099999953, -23.676911599999983 ], [ -46.490061899999944, -23.67845189999997 ], [ -46.490743899999984, -23.679667099999961 ], [ -46.491145, -23.680761599999983 ], [ -46.491277099999934, -23.680771799999945 ], [ -46.491444, -23.681778699999938 ], [ -46.491745199999968, -23.682187499999941 ], [ -46.49208509999994, -23.68221 ], [ -46.49297619999993, -23.682915299999934 ] ] ] } },
{ "type": "Feature", "properties": { "CD_REGIAO": "3", "NM_REGIAO": "Sudeste", "CD_UF": "35", "NM_UF": "São Paulo", "CD_MUN": "3547809", "NM_MUN": "Santo André", "CD_DIST": "354780905", "NM_DIST": "Santo André", "CD_SUBDIST": "35478090500", "NM_SUBDIST": null, "CD_BAIRRO": "3547809053", "NM_BAIRRO": "Vila Linda", "CD_RGINT": "3501", "NM_RGINT": "São Paulo", "CD_RGI": "350001", "NM_RGI": "São Paulo", "CD_CONCURB": "3550308", "NM_CONCURB": "São Paulo/SP" }, "geometry": { "type": "Polygon", "coordinates": [ [ [ -46.517638, -23.684381 ], [ -46.516566, -23.684567 ], [ -46.516382, -23.685173 ], [ -46.515561, -23.685738 ], [ -46.515191, -23.686320099999932 ], [ -46.515124, -23.688087 ], [ -46.516231199999936, -23.689445499999977 ], [ -46.517052299999932, -23.689762899999948 ], [ -46.521433299999956, -23.690613499999984 ], [ -46.521806399999946, -23.690592699999968 ], [ -46.522143899999946, -23.689317399999936 ], [ -46.522825399999931, -23.689352199999973 ], [ -46.523567599999978, -23.689660199999935 ], [ -46.524104899999941, -23.690998699999966 ], [ -46.525127099999963, -23.691621099999963 ], [ -46.525915699999985, -23.691832899999952 ], [ -46.526351199999965, -23.690903499999934 ], [ -46.525998, -23.690631 ], [ -46.525525099999982, -23.686968099999945 ], [ -46.526130699999953, -23.686553499999945 ], [ -46.525901199999964, -23.685236799999927 ], [ -46.525592199999949, -23.685340699999983 ], [ -46.525413199999946, -23.684136699999954 ], [ -46.525952899999936, -23.683920799999953 ], [ -46.525743899999952, -23.683647199999939 ], [ -46.524535, -23.68308879999995 ], [ -46.523234699999932, -23.681912099999977 ], [ -46.521872, -23.6821 ], [ -46.521550099999956, -23.680911499999979 ], [ -46.520721699999967, -23.681119199999955 ], [ -46.521416299999942, -23.682240299999933 ], [ -46.520731, -23.682792 ], [ -46.521111, -23.683161699999971 ], [ -46.520521099999939, -23.683421499999952 ], [ -46.517571099999941, -23.684023299999978 ], [ -46.517638, -23.684381 ] ] ] } },
{ "type": "Feature", "properties": { "CD_REGIAO": "3", "NM_REGIAO": "Sudeste", "CD_UF": "35", "NM_UF": "São Paulo", "CD_MUN": "3547809", "NM_MUN": "Santo André", "CD_DIST": "354780905", "NM_DIST": "Santo André", "CD_SUBDIST": "35478090500", "NM_SUBDIST": null, "CD_BAIRRO": "3547809023", "NM_BAIRRO": "Vila Guiomar", "CD_RGINT": "3501", "NM_RGINT": "São Paulo", "CD_RGI": "350001", "NM_RGI": "São Paulo", "CD_CONCURB": "3550308", "NM_CONCURB": "São Paulo/SP" }, "geometry": { "type": "Polygon", "coordinates": [ [ [ -46.543628599999977, -23.654154299999959 ], [ -46.538054, -23.654009 ], [ -46.536837, -23.657357 ], [ -46.541585099999963, -23.660317599999928 ], [ -46.542524599999979, -23.660515299999929 ], [ -46.543599399999948, -23.660305799999946 ], [ -46.544257799999968, -23.66035949999997 ], [ -46.546480599999938, -23.661757299999977 ], [ -46.546785799999952, -23.661155599999972 ], [ -46.547944199999961, -23.660961699999973 ], [ -46.548425699999939, -23.660108099999945 ], [ -46.550198899999941, -23.658216099999947 ], [ -46.551035699999943, -23.658225099999981 ], [ -46.551763199999982, -23.658446799999979 ], [ -46.551666499999953, -23.658226199999945 ], [ -46.550167, -23.657379 ], [ -46.549206, -23.656073 ], [ -46.548743, -23.654416 ], [ -46.548747499999934, -23.651867699999968 ], [ -46.548549499999979, -23.651282 ], [ -46.547131799999931, -23.649377 ], [ -46.54681549999998, -23.649772499999983 ], [ -46.545343699999933, -23.653997299999958 ], [ -46.543865399999959, -23.653535699999964 ], [ -46.543628599999977, -23.654154299999959 ] ] ] } },
{ "type": "Feature", "properties": { "CD_REGIAO": "3", "NM_REGIAO": "Sudeste", "CD_UF": "35", "NM_UF": "São Paulo", "CD_MUN": "3547809", "NM_MUN": "Santo André", "CD_DIST": "354780905", "NM_DIST": "Santo André", "CD_SUBDIST": "35478090500", "NM_SUBDIST": null, "CD_BAIRRO": "3547809043", "NM_BAIRRO": "Vila Guarani", "CD_RGINT": "3501", "NM_RGINT": "São Paulo", "CD_RGI": "350001", "NM_RGI": "São Paulo", "CD_CONCURB": "3550308", "NM_CONCURB": "São Paulo/SP" }, "geometry": { "type": "Polygon", "coordinates": [ [ [ -46.497162199999934, -23.675654499999951 ], [ -46.499500699999942, -23.675432499999943 ], [ -46.501638599999978, -23.669993599999941 ], [ -46.498685, -23.670306399999959 ], [ -46.497082599999942, -23.670849299999929 ], [ -46.497202, -23.670435 ], [ -46.496930199999952, -23.670355099999938 ], [ -46.496783899999969, -23.67064309999995 ], [ -46.496569699999952, -23.670493399999941 ], [ -46.496041, -23.671619 ], [ -46.495913099999939, -23.67284 ], [ -46.496579599999961, -23.675886399999968 ], [ -46.497190399999965, -23.675764799999968 ], [ -46.497162199999934, -23.675654499999951 ] ] ] } },
{ "type": "Feature", "properties": { "CD_REGIAO": "3", "NM_REGIAO": "Sudeste", "CD_UF": "35", "NM_UF": "São Paulo", "CD_MUN": "3547809", "NM_MUN": "Santo André", "CD_DIST": "354780905", "NM_DIST": "Santo André", "CD_SUBDIST": "35478090500", "NM_SUBDIST": null, "CD_BAIRRO": "3547809044", "NM_BAIRRO": "Jardim Marek", "CD_RGINT": "3501", "NM_RGINT": "São Paulo", "CD_RGI": "350001", "NM_RGI": "São Paulo", "CD_CONCURB": "3550308", "NM_CONCURB": "São Paulo/SP" }, "geometry": { "type": "Polygon", "coordinates": [ [ [ -46.491697099999953, -23.676911599999983 ], [ -46.491913799999963, -23.677592499999946 ], [ -46.493236899999943, -23.678237 ], [ -46.492440099999953, -23.674559299999942 ], [ -46.493064299999958, -23.674382299999934 ], [ -46.492953, -23.673478 ], [ -46.493671, -23.672562 ], [ -46.495913099999939, -23.67284 ], [ -46.495956899999953, -23.671974099999943 ], [ -46.496312199999977, -23.671002 ], [ -46.493813199999977, -23.67061039999993 ], [ -46.493447499999945, -23.670771 ], [ -46.491896399999973, -23.672015 ], [ -46.491366, -23.672957 ], [ -46.490494, -23.674021 ], [ -46.490375499999971, -23.673753399999953 ], [ -46.489508299999954, -23.674426399999959 ], [ -46.488478, -23.673449399999981 ], [ -46.488219099999981, -23.674054599999977 ], [ -46.488509099999931, -23.674407799999983 ], [ -46.488181699999984, -23.67492 ], [ -46.488067399999977, -23.675724699999932 ], [ -46.488559899999984, -23.67726609999994 ], [ -46.48916909999997, -23.677281 ], [ -46.48922529999993, -23.677534099999946 ], [ -46.490061899999944, -23.67845189999997 ], [ -46.491697099999953, -23.676911599999983 ] ] ] } },
{ "type": "Feature", "properties": { "CD_REGIAO": "3", "NM_REGIAO": "Sudeste", "CD_UF": "35", "NM_UF": "São Paulo", "CD_MUN": "3547809", "NM_MUN": "Santo André", "CD_DIST": "354780905", "NM_DIST": "Santo André", "CD_SUBDIST": "35478090500", "NM_SUBDIST": null, "CD_BAIRRO": "3547809048", "NM_BAIRRO": "Vila Helena", "CD_RGINT": "3501", "NM_RGINT": "São Paulo", "CD_RGI": "350001", "NM_RGI": "São Paulo", "CD_CONCURB": "3550308", "NM_CONCURB": "São Paulo/SP" }, "geometry": { "type": "Polygon", "coordinates": [ [ [ -46.516566, -23.684567 ], [ -46.517638, -23.684381 ], [ -46.517571099999941, -23.684023299999978 ], [ -46.520521099999939, -23.683421499999952 ], [ -46.521111, -23.683161699999971 ], [ -46.520731, -23.682792 ], [ -46.521416299999942, -23.682240299999933 ], [ -46.520667, -23.681019599999956 ], [ -46.520616399999938, -23.679965599999946 ], [ -46.520357499999932, -23.679304499999944 ], [ -46.520434699999953, -23.678754 ], [ -46.520315099999948, -23.678713899999934 ], [ -46.519746, -23.676018 ], [ -46.519402, -23.676109 ], [ -46.519145399999957, -23.675269299999968 ], [ -46.518666799999949, -23.675389699999982 ], [ -46.518259599999965, -23.674893199999929 ], [ -46.518207899999936, -23.674589499999968 ], [ -46.517250699999977, -23.674725099999932 ], [ -46.516264899999953, -23.676692499999945 ], [ -46.516076799999951, -23.676602799999955 ], [ -46.514433, -23.677408 ], [ -46.515564599999948, -23.678019399999982 ], [ -46.51497, -23.679328 ], [ -46.513284, -23.678605 ], [ -46.512836, -23.679503 ], [ -46.514443, -23.6802 ], [ -46.512013899999943, -23.685098299999936 ], [ -46.512383299999954, -23.685280399999954 ], [ -46.512873799999966, -23.686294199999963 ], [ -46.513332, -23.685897 ], [ -46.514554899999951, -23.688248299999941 ], [ -46.515154, -23.687668799999983 ], [ -46.515128599999969, -23.686649399999965 ], [ -46.515282, -23.686101 ], [ -46.51592, -23.685415 ], [ -46.516382, -23.685173 ], [ -46.516566, -23.684567 ] ] ] } },
{ "type": "Feature", "properties": { "CD_REGIAO": "3", "NM_REGIAO": "Sudeste", "CD_UF": "35", "NM_UF": "São Paulo", "CD_MUN": "3547809", "NM_MUN": "Santo André", "CD_DIST": "354780905", "NM_DIST": "Santo André", "CD_SUBDIST": "35478090500", "NM_SUBDIST": null, "CD_BAIRRO": "3547809033", "NM_BAIRRO": "Vila Bastos", "CD_RGINT": "3501", "NM_RGINT": "São Paulo", "CD_RGI": "350001", "NM_RGI": "São Paulo", "CD_CONCURB": "3550308", "NM_CONCURB": "São Paulo/SP" }, "geometry": { "type": "Polygon", "coordinates": [ [ [ -46.53441, -23.660892 ], [ -46.53439, -23.661402 ], [ -46.535456699999941, -23.661410799999942 ], [ -46.535407499999963, -23.66046549999993 ], [ -46.538695, -23.659247 ], [ -46.539341099999945, -23.660190399999976 ], [ -46.54005959999995, -23.65936819999996 ], [ -46.536837, -23.657357 ], [ -46.536890799999981, -23.657200399999965 ], [ -46.535228, -23.65647 ], [ -46.534514, -23.657528 ], [ -46.534008699999958, -23.657857899999954 ], [ -46.529521, -23.65994 ], [ -46.530032, -23.662093 ], [ -46.531447, -23.664211099999932 ], [ -46.532107, -23.663777 ], [ -46.531638299999941, -23.661988299999962 ], [ -46.532695, -23.661584 ], [ -46.532305, -23.660818 ], [ -46.533283, -23.660406 ], [ -46.533653, -23.66119 ], [ -46.53441, -23.660892 ] ] ] } },
{ "type": "Feature", "properties": { "CD_REGIAO": "3", "NM_REGIAO": "Sudeste", "CD_UF": "35", "NM_UF": "São Paulo", "CD_MUN": "3547809", "NM_MUN": "Santo André", "CD_DIST": "354780905", "NM_DIST": "Santo André", "CD_SUBDIST": "35478090500", "NM_SUBDIST": null, "CD_BAIRRO": "3547809004", "NM_BAIRRO": "Jardim Utinga", "CD_RGINT": "3501", "NM_RGINT": "São Paulo", "CD_RGI": "350001", "NM_RGI": "São Paulo", "CD_CONCURB": "3550308", "NM_CONCURB": "São Paulo/SP" }, "geometry": { "type": "Polygon", "coordinates": [ [ [ -46.515631199999973, -23.619420199999979 ], [ -46.515020399999969, -23.619510099999957 ], [ -46.516859, -23.621262 ], [ -46.51753, -23.621692 ], [ -46.519427499999949, -23.620977399999958 ], [ -46.521188499999937, -23.622839399999975 ], [ -46.521147499999984, -23.623400499999946 ], [ -46.524201599999969, -23.622737899999947 ], [ -46.523942699999964, -23.621892 ], [ -46.523504699999933, -23.621141899999941 ], [ -46.522703, -23.618512 ], [ -46.522157, -23.615662 ], [ -46.522382, -23.614773 ], [ -46.522837599999946, -23.613991799999951 ], [ -46.522857, -23.613862 ], [ -46.522644, -23.613772 ], [ -46.521504, -23.613934 ], [ -46.520735, -23.615194 ], [ -46.519613399999969, -23.615435499999933 ], [ -46.51832, -23.616129 ], [ -46.517753, -23.617334 ], [ -46.517413, -23.6176 ], [ -46.515967, -23.61825 ], [ -46.514812, -23.61831 ], [ -46.514749, -23.618432 ], [ -46.515048099999944, -23.618412499999977 ], [ -46.515022, -23.618861 ], [ -46.515631199999973, -23.619420199999979 ] ] ] } },
{ "type": "Feature", "properties": { "CD_REGIAO": "3", "NM_REGIAO": "Sudeste", "CD_UF": "35", "NM_UF": "São Paulo", "CD_MUN": "3547809", "NM_MUN": "Santo André", "CD_DIST": "354780905", "NM_DIST": "Santo André", "CD_SUBDIST": "35478090500", "NM_SUBDIST": null, "CD_BAIRRO": "3547809011", "NM_BAIRRO": "Santa Terezinha", "CD_RGINT": "3501", "NM_RGINT": "São Paulo", "CD_RGI": "350001", "NM_RGI": "São Paulo", "CD_CONCURB": "3550308", "NM_CONCURB": "São Paulo/SP" }, "geometry": { "type": "Polygon", "coordinates": [ [ [ -46.530139199999951, -23.640376099999969 ], [ -46.5294, -23.643076299999962 ], [ -46.529443, -23.643548 ], [ -46.530635, -23.644739 ], [ -46.532195, -23.645793099999935 ], [ -46.536385799999948, -23.638828799999942 ], [ -46.535052399999984, -23.638157799999931 ], [ -46.534965799999952, -23.638336599999946 ], [ -46.534140199999968, -23.638189599999976 ], [ -46.534441099999981, -23.637679499999933 ], [ -46.535021299999983, -23.635159599999952 ], [ -46.536322499999983, -23.634245599999929 ], [ -46.537208, -23.632386 ], [ -46.530381499999976, -23.631572499999947 ], [ -46.530300199999942, -23.631411799999967 ], [ -46.529285199999947, -23.631243199999972 ], [ -46.529837599999951, -23.632457299999942 ], [ -46.529587099999958, -23.636673799999983 ], [ -46.529408399999966, -23.63738189999998 ], [ -46.528736199999969, -23.638039799999945 ], [ -46.52877, -23.638427 ], [ -46.528918, -23.638831 ], [ -46.529904899999963, -23.639726399999972 ], [ -46.530139199999951, -23.640376099999969 ] ] ] } },
{ "type": "Feature", "properties": { "CD_REGIAO": "3", "NM_REGIAO": "Sudeste", "CD_UF": "35", "NM_UF": "São Paulo", "CD_MUN": "3547809", "NM_MUN": "Santo André", "CD_DIST": "354780905", "NM_DIST": "Santo André", "CD_SUBDIST": "35478090500", "NM_SUBDIST": null, "CD_BAIRRO": "3547809071", "NM_BAIRRO": "Cata Preta", "CD_RGINT": "3501", "NM_RGINT": "São Paulo", "CD_RGI": "350001", "NM_RGI": "São Paulo", "CD_CONCURB": "3550308", "NM_CONCURB": "São Paulo/SP" }, "geometry": { "type": "Polygon", "coordinates": [ [ [ -46.508521799999983, -23.715569199999948 ], [ -46.507530899999949, -23.715779299999951 ], [ -46.507223299999964, -23.716010399999959 ], [ -46.507157499999948, -23.715891899999974 ], [ -46.506642799999952, -23.71609419999993 ], [ -46.506636899999933, -23.715930599999979 ], [ -46.506141399999933, -23.716887899999961 ], [ -46.506139699999949, -23.717496 ], [ -46.506722, -23.717529 ], [ -46.50703969999995, -23.718875699999955 ], [ -46.507707699999969, -23.720104499999934 ], [ -46.50843, -23.719965199999933 ], [ -46.508727299999975, -23.719196599999975 ], [ -46.509324, -23.718729399999972 ], [ -46.509733899999958, -23.718729399999972 ], [ -46.510504399999945, -23.718422299999929 ], [ -46.51129549999996, -23.719053799999983 ], [ -46.511864799999955, -23.718712799999935 ], [ -46.511992899999939, -23.71886109999997 ], [ -46.511093699999947, -23.719410399999958 ], [ -46.510770599999944, -23.719885899999952 ], [ -46.511926499999959, -23.721763899999928 ], [ -46.51222439999998, -23.725524899999982 ], [ -46.514201299999968, -23.726358 ], [ -46.51449, -23.72705 ], [ -46.515554, -23.727088 ], [ -46.516955, -23.726720499999942 ], [ -46.517401, -23.725836 ], [ -46.517733, -23.724428 ], [ -46.518319, -23.724127 ], [ -46.518395, -23.72383 ], [ -46.517687, -23.722777 ], [ -46.517482, -23.721653 ], [ -46.517282699999953, -23.721505899999954 ], [ -46.517245499999945, -23.720132099999944 ], [ -46.517445299999963, -23.719415199999958 ], [ -46.516879599999982, -23.718416899999966 ], [ -46.516723899999931, -23.717781099999968 ], [ -46.517035299999975, -23.717379 ], [ -46.51714549999997, -23.716256699999974 ], [ -46.51694729999997, -23.715946799999983 ], [ -46.517185499999982, -23.715335799999934 ], [ -46.517025199999978, -23.714455 ], [ -46.515802099999974, -23.715558399999964 ], [ -46.511472099999935, -23.716172699999959 ], [ -46.51136409999998, -23.714685899999949 ], [ -46.511132499999974, -23.71463319999998 ], [ -46.510689, -23.715043 ], [ -46.510567199999969, -23.714812199999983 ], [ -46.508521799999983, -23.715569199999948 ] ] ] } },
{ "type": "Feature", "properties": { "CD_REGIAO": "3", "NM_REGIAO": "Sudeste", "CD_UF": "35", "NM_UF": "São Paulo", "CD_MUN": "3547809", "NM_MUN": "Santo André", "CD_DIST": "354780905", "NM_DIST": "Santo André", "CD_SUBDIST": "35478090500", "NM_SUBDIST": null, "CD_BAIRRO": "3547809051", "NM_BAIRRO": "Jardim Stella", "CD_RGINT": "3501", "NM_RGINT": "São Paulo", "CD_RGI": "350001", "NM_RGI": "São Paulo", "CD_CONCURB": "3550308", "NM_CONCURB": "São Paulo/SP" }, "geometry": { "type": "Polygon", "coordinates": [ [ [ -46.539441, -23.687577799999929 ], [ -46.541427, -23.685729 ], [ -46.542613, -23.684896 ], [ -46.544588, -23.68386 ], [ -46.545108, -23.683789 ], [ -46.547041499999978, -23.684289599999943 ], [ -46.545799699999975, -23.683261799999968 ], [ -46.543599, -23.682498 ], [ -46.539457599999935, -23.679884299999969 ], [ -46.53649269999994, -23.676836399999956 ], [ -46.535902, -23.676963 ], [ -46.534662, -23.677681 ], [ -46.534136399999966, -23.678672699999936 ], [ -46.534236399999941, -23.679103399999974 ], [ -46.533913499999983, -23.679668499999934 ], [ -46.533731499999931, -23.680469499999958 ], [ -46.534356899999977, -23.683014899999932 ], [ -46.534263299999964, -23.68398069999995 ], [ -46.532794, -23.685445 ], [ -46.536284299999977, -23.687835599999971 ], [ -46.537998, -23.688335 ], [ -46.539075, -23.688419 ], [ -46.539441, -23.687577799999929 ] ] ] } },
{ "type": "Feature", "properties": { "CD_REGIAO": "3", "NM_REGIAO": "Sudeste", "CD_UF": "35", "NM_UF": "São Paulo", "CD_MUN": "3547809", "NM_MUN": "Santo André", "CD_DIST": "354780905", "NM_DIST": "Santo André", "CD_SUBDIST": "35478090500", "NM_SUBDIST": null, "CD_BAIRRO": "3547809064", "NM_BAIRRO": "Jardim Las Vegas", "CD_RGINT": "3501", "NM_RGINT": "São Paulo", "CD_RGI": "350001", "NM_RGI": "São Paulo", "CD_CONCURB": "3550308", "NM_CONCURB": "São Paulo/SP" }, "geometry": { "type": "Polygon", "coordinates": [ [ [ -46.532001, -23.701061 ], [ -46.532955, -23.700539 ], [ -46.533868, -23.699571 ], [ -46.534219, -23.698797 ], [ -46.534312, -23.698289 ], [ -46.534175, -23.69781 ], [ -46.534306, -23.697652 ], [ -46.534827199999938, -23.697469799999965 ], [ -46.535154, -23.697142 ], [ -46.536561, -23.696628 ], [ -46.53686, -23.696316 ], [ -46.536886, -23.694131 ], [ -46.537655, -23.690475 ], [ -46.53847, -23.689348 ], [ -46.539193, -23.688931 ], [ -46.539281, -23.688582 ], [ -46.538851499999964, -23.68881209999995 ], [ -46.536754499999972, -23.689109099999939 ], [ -46.53601569999995, -23.689010899999971 ], [ -46.534548599999937, -23.688485599999979 ], [ -46.533714699999962, -23.688578799999959 ], [ -46.531609399999979, -23.690701899999965 ], [ -46.529702499999985, -23.692294 ], [ -46.528290299999981, -23.692357499999957 ], [ -46.528254899999979, -23.693310899999972 ], [ -46.527791799999932, -23.694381199999953 ], [ -46.528042199999959, -23.694719099999929 ], [ -46.527009, -23.696023 ], [ -46.526483199999973, -23.69703549999997 ], [ -46.526767799999959, -23.697229 ], [ -46.525220699999977, -23.699657399999978 ], [ -46.525798699999939, -23.700106399999981 ], [ -46.525055099999975, -23.70135229999994 ], [ -46.524995299999944, -23.701717299999927 ], [ -46.525888, -23.702094 ], [ -46.526297, -23.70206 ], [ -46.52775, -23.702932 ], [ -46.529065, -23.703447 ], [ -46.529556, -23.702964 ], [ -46.530143, -23.701641 ], [ -46.532001, -23.701061 ] ] ] } },
{ "type": "Feature", "properties": { "CD_REGIAO": "3", "NM_REGIAO": "Sudeste", "CD_UF": "35", "NM_UF": "São Paulo", "CD_MUN": "3547809", "NM_MUN": "Santo André", "CD_DIST": "354780905", "NM_DIST": "Santo André", "CD_SUBDIST": "35478090500", "NM_SUBDIST": null, "CD_BAIRRO": "3547809047", "NM_BAIRRO": "Vila Progresso", "CD_RGINT": "3501", "NM_RGINT": "São Paulo", "CD_RGI": "350001", "NM_RGI": "São Paulo", "CD_CONCURB": "3550308", "NM_CONCURB": "São Paulo/SP" }, "geometry": { "type": "Polygon", "coordinates": [ [ [ -46.499359299999981, -23.683425 ], [ -46.499702299999967, -23.682835099999977 ], [ -46.50196829999993, -23.683204599999954 ], [ -46.501901799999985, -23.683589899999959 ], [ -46.502934799999935, -23.683766699999978 ], [ -46.504732399999966, -23.681105 ], [ -46.505267, -23.68090559999996 ], [ -46.505429, -23.679651199999967 ], [ -46.503400799999952, -23.677351099999953 ], [ -46.502326599999947, -23.677165699999932 ], [ -46.501982099999964, -23.676906299999928 ], [ -46.50180869999997, -23.677430899999933 ], [ -46.50110959999995, -23.677404799999977 ], [ -46.501691599999958, -23.676434399999948 ], [ -46.49906249999998, -23.676670399999978 ], [ -46.498678499999983, -23.677646599999946 ], [ -46.497839, -23.677604499999973 ], [ -46.498188, -23.678151 ], [ -46.497189899999967, -23.679688499999941 ], [ -46.496947, -23.680405 ], [ -46.496072199999958, -23.681511199999932 ], [ -46.49585639999998, -23.682408399999929 ], [ -46.499277099999972, -23.685075899999958 ], [ -46.499359299999981, -23.683425 ] ] ] } },
{ "type": "Feature", "properties": { "CD_REGIAO": "3", "NM_REGIAO": "Sudeste", "CD_UF": "35", "NM_UF": "São Paulo", "CD_MUN": "3547809", "NM_MUN": "Santo André", "CD_DIST": "354780905", "NM_DIST": "Santo André", "CD_SUBDIST": "35478090500", "NM_SUBDIST": null, "CD_BAIRRO": "3547809016", "NM_BAIRRO": "Bangú", "CD_RGINT": "3501", "NM_RGINT": "São Paulo", "CD_RGI": "350001", "NM_RGI": "São Paulo", "CD_CONCURB": "3550308", "NM_CONCURB": "São Paulo/SP" }, "geometry": { "type": "Polygon", "coordinates": [ [ [ -46.52187, -23.641412 ], [ -46.525433, -23.648515 ], [ -46.523422, -23.649901 ], [ -46.52635, -23.653829 ], [ -46.527177599999959, -23.653267899999946 ], [ -46.528232899999978, -23.652123499999959 ], [ -46.532195, -23.645793099999935 ], [ -46.530635, -23.644739 ], [ -46.529443, -23.643548 ], [ -46.5294, -23.643076299999962 ], [ -46.530139199999951, -23.640376099999969 ], [ -46.529904899999963, -23.639726399999972 ], [ -46.528918, -23.638831 ], [ -46.520885, -23.641151 ], [ -46.52143, -23.641101 ], [ -46.52187, -23.641412 ] ] ] } },
{ "type": "Feature", "properties": { "CD_REGIAO": "3", "NM_REGIAO": "Sudeste", "CD_UF": "35", "NM_UF": "São Paulo", "CD_MUN": "3547809", "NM_MUN": "Santo André", "CD_DIST": "354780905", "NM_DIST": "Santo André", "CD_SUBDIST": "35478090500", "NM_SUBDIST": null, "CD_BAIRRO": "3547809028", "NM_BAIRRO": "Vila Homero Thon", "CD_RGINT": "3501", "NM_RGINT": "São Paulo", "CD_RGI": "350001", "NM_RGI": "São Paulo", "CD_CONCURB": "3550308", "NM_CONCURB": "São Paulo/SP" }, "geometry": { "type": "Polygon", "coordinates": [ [ [ -46.501939099999959, -23.669969299999934 ], [ -46.50297, -23.669666 ], [ -46.50462, -23.668412 ], [ -46.505819, -23.666667 ], [ -46.506958, -23.665755 ], [ -46.509491, -23.664222 ], [ -46.50741249999993, -23.664443399999982 ], [ -46.504243299999985, -23.663376199999959 ], [ -46.499014, -23.666646 ], [ -46.497129, -23.668222 ], [ -46.496569699999952, -23.670493399999941 ], [ -46.496783899999969, -23.67064309999995 ], [ -46.496930199999952, -23.670355099999938 ], [ -46.497202, -23.670435 ], [ -46.497082599999942, -23.670849299999929 ], [ -46.498685, -23.670306399999959 ], [ -46.501939099999959, -23.669969299999934 ] ] ] } },
{ "type": "Feature", "properties": { "CD_REGIAO": "3", "NM_REGIAO": "Sudeste", "CD_UF": "35", "NM_UF": "São Paulo", "CD_MUN": "3547809", "NM_MUN": "Santo André", "CD_DIST": "354780905", "NM_DIST": "Santo André", "CD_SUBDIST": "35478090500", "NM_SUBDIST": null, "CD_BAIRRO": "3547809059", "NM_BAIRRO": "Vila Suíça", "CD_RGINT": "3501", "NM_RGINT": "São Paulo", "CD_RGI": "350001", "NM_RGI": "São Paulo", "CD_CONCURB": "3550308", "NM_CONCURB": "São Paulo/SP" }, "geometry": { "type": "Polygon", "coordinates": [ [ [ -46.496327199999939, -23.695858699999974 ], [ -46.496508699999936, -23.696755099999962 ], [ -46.496234199999947, -23.69725539999996 ], [ -46.495823499999972, -23.697589099999959 ], [ -46.496191899999985, -23.698045899999954 ], [ -46.496312899999964, -23.698747599999933 ], [ -46.498521399999959, -23.698993799999982 ], [ -46.49860069999994, -23.699233699999979 ], [ -46.499703, -23.69922159999993 ], [ -46.499734599999954, -23.699695799999972 ], [ -46.501131799999939, -23.699702099999968 ], [ -46.501412399999936, -23.699558399999944 ], [ -46.502109, -23.699664 ], [ -46.502136299999961, -23.699982899999952 ], [ -46.50417479999993, -23.700385399999959 ], [ -46.50447209999993, -23.699485 ], [ -46.504416599999956, -23.698077599999976 ], [ -46.504057799999941, -23.69799729999994 ], [ -46.503736, -23.69872 ], [ -46.503537, -23.698481199999947 ], [ -46.504143599999963, -23.694691099999943 ], [ -46.503007699999955, -23.694484399999965 ], [ -46.501025699999957, -23.69448669999997 ], [ -46.500038, -23.694784799999979 ], [ -46.49932519999993, -23.694519499999956 ], [ -46.499344699999938, -23.694400199999961 ], [ -46.500410899999963, -23.693341199999963 ], [ -46.500498, -23.693034399999931 ], [ -46.500152699999944, -23.69272239999998 ], [ -46.499736499999983, -23.693119499999966 ], [ -46.499467399999958, -23.692866899999956 ], [ -46.498468599999967, -23.692611199999931 ], [ -46.497439499999984, -23.69296769999994 ], [ -46.496599099999969, -23.693908199999953 ], [ -46.496144299999969, -23.695663899999943 ], [ -46.496327199999939, -23.695858699999974 ] ] ] } },
{ "type": "Feature", "properties": { "CD_REGIAO": "3", "NM_REGIAO": "Sudeste", "CD_UF": "35", "NM_UF": "São Paulo", "CD_MUN": "3547809", "NM_MUN": "Santo André", "CD_DIST": "354780905", "NM_DIST": "Santo André", "CD_SUBDIST": "35478090500", "NM_SUBDIST": null, "CD_BAIRRO": "3547809065", "NM_BAIRRO": "Sítio dos Vianas", "CD_RGINT": "3501", "NM_RGINT": "São Paulo", "CD_RGI": "350001", "NM_RGI": "São Paulo", "CD_CONCURB": "3550308", "NM_CONCURB": "São Paulo/SP" }, "geometry": { "type": "Polygon", "coordinates": [ [ [ -46.515244699999982, -23.70539279999997 ], [ -46.514767799999959, -23.705924399999958 ], [ -46.514638299999945, -23.705847199999937 ], [ -46.514530799999932, -23.706121899999971 ], [ -46.514315799999963, -23.706096599999967 ], [ -46.514071799999954, -23.706360199999949 ], [ -46.513320699999952, -23.707378299999959 ], [ -46.514187199999981, -23.708033199999932 ], [ -46.513934499999948, -23.708144199999936 ], [ -46.513162, -23.707898899999975 ], [ -46.513086899999962, -23.708248 ], [ -46.512846, -23.708451199999956 ], [ -46.512449599999968, -23.708498799999973 ], [ -46.512025699999981, -23.709421199999952 ], [ -46.512534699999946, -23.710641599999974 ], [ -46.513617599999975, -23.711064399999941 ], [ -46.513704299999972, -23.713202899999942 ], [ -46.514059399999951, -23.713331199999971 ], [ -46.514366799999948, -23.713137199999949 ], [ -46.515414399999941, -23.713286399999959 ], [ -46.515578499999947, -23.713504299999954 ], [ -46.517002099999956, -23.713283499999932 ], [ -46.517978099999937, -23.712910399999942 ], [ -46.518406299999981, -23.711197299999981 ], [ -46.518919699999969, -23.710952599999928 ], [ -46.518505, -23.710239 ], [ -46.517271, -23.709741 ], [ -46.517785, -23.708313 ], [ -46.517673, -23.707077 ], [ -46.516866, -23.706601 ], [ -46.516593, -23.705741 ], [ -46.517927199999974, -23.704007 ], [ -46.516384199999948, -23.703566 ], [ -46.515686399999936, -23.704336199999943 ], [ -46.515632599999947, -23.70496849999995 ], [ -46.515216299999963, -23.705049299999928 ], [ -46.515244699999982, -23.70539279999997 ] ] ] } },
{ "type": "Feature", "properties": { "CD_REGIAO": "3", "NM_REGIAO": "Sudeste", "CD_UF": "35", "NM_UF": "São Paulo", "CD_MUN": "3547809", "NM_MUN": "Santo André", "CD_DIST": "354780905", "NM_DIST": "Santo André", "CD_SUBDIST": "35478090500", "NM_SUBDIST": null, "CD_BAIRRO": "3547809115", "NM_BAIRRO": "Jardim Cipreste", "CD_RGINT": "3501", "NM_RGINT": "São Paulo", "CD_RGI": "350001", "NM_RGI": "São Paulo", "CD_CONCURB": "3550308", "NM_CONCURB": "São Paulo/SP" }, "geometry": { "type": "Polygon", "coordinates": [ [ [ -46.51859769999993, -23.717877599999952 ], [ -46.5201, -23.716751 ], [ -46.520649, -23.715682 ], [ -46.521861, -23.714717 ], [ -46.520402, -23.711507 ], [ -46.518505, -23.710239 ], [ -46.518919699999969, -23.710952599999928 ], [ -46.518406299999981, -23.711197299999981 ], [ -46.517978099999937, -23.712910399999942 ], [ -46.517002099999956, -23.713283499999932 ], [ -46.515578499999947, -23.713504299999954 ], [ -46.515414399999941, -23.713286399999959 ], [ -46.514366799999948, -23.713137199999949 ], [ -46.514059399999951, -23.713331199999971 ], [ -46.513704299999972, -23.713202899999942 ], [ -46.513617599999975, -23.711064399999941 ], [ -46.512534699999946, -23.710641599999974 ], [ -46.512885099999949, -23.711789099999976 ], [ -46.512720199999933, -23.713456299999962 ], [ -46.51265879999994, -23.713654499999961 ], [ -46.511613199999942, -23.713842099999965 ], [ -46.511132499999974, -23.71463319999998 ], [ -46.51136409999998, -23.714685899999949 ], [ -46.511472099999935, -23.716172699999959 ], [ -46.515802099999974, -23.715558399999964 ], [ -46.517025199999978, -23.714455 ], [ -46.517185499999982, -23.715335799999934 ], [ -46.51694729999997, -23.715946799999983 ], [ -46.51714549999997, -23.716256699999974 ], [ -46.517035299999975, -23.717379 ], [ -46.516723899999931, -23.717781099999968 ], [ -46.516879599999982, -23.718416899999966 ], [ -46.517445299999963, -23.719415199999958 ], [ -46.517244, -23.720396099999959 ], [ -46.517282699999953, -23.721505899999954 ], [ -46.517482, -23.721653 ], [ -46.517366, -23.720335 ], [ -46.517483, -23.719816 ], [ -46.517642, -23.719315 ], [ -46.518291, -23.718535 ], [ -46.518219, -23.718375 ], [ -46.51859769999993, -23.717877599999952 ] ] ] } },
{ "type": "Feature", "properties": { "CD_REGIAO": "3", "NM_REGIAO": "Sudeste", "CD_UF": "35", "NM_UF": "São Paulo", "CD_MUN": "3547809", "NM_MUN": "Santo André", "CD_DIST": "354780905", "NM_DIST": "Santo André", "CD_SUBDIST": "35478090500", "NM_SUBDIST": null, "CD_BAIRRO": "3547809074", "NM_BAIRRO": "Três Divisas", "CD_RGINT": "3501", "NM_RGINT": "São Paulo", "CD_RGI": "350001", "NM_RGI": "São Paulo", "CD_CONCURB": "3550308", "NM_CONCURB": "São Paulo/SP" }, "geometry": { "type": "Polygon", "coordinates": [ [ [ -46.472976, -23.72149 ], [ -46.470271, -23.723397 ], [ -46.469239, -23.724841 ], [ -46.468854, -23.725859 ], [ -46.468881, -23.726101 ], [ -46.469636, -23.726686 ], [ -46.469787, -23.727112 ], [ -46.469435, -23.728613 ], [ -46.469676, -23.729668 ], [ -46.469605, -23.730162 ], [ -46.468819, -23.731544 ], [ -46.46875, -23.732178 ], [ -46.469139, -23.732773 ], [ -46.469287, -23.734437 ], [ -46.470163, -23.73551 ], [ -46.470479399999931, -23.735556799999983 ], [ -46.470515099999943, -23.734861399999943 ], [ -46.470778099999961, -23.734475399999951 ], [ -46.478771399999971, -23.723423199999957 ], [ -46.480599899999959, -23.718481199999928 ], [ -46.48008, -23.718603 ], [ -46.478972, -23.719401 ], [ -46.477216, -23.719586 ], [ -46.476510299999973, -23.719483 ], [ -46.475801, -23.719125 ], [ -46.475457799999958, -23.718585899999937 ], [ -46.474983299999963, -23.718288899999948 ], [ -46.474864, -23.71894 ], [ -46.473866, -23.720659 ], [ -46.472976, -23.72149 ] ] ] } },
{ "type": "Feature", "properties": { "CD_REGIAO": "3", "NM_REGIAO": "Sudeste", "CD_UF": "35", "NM_UF": "São Paulo", "CD_MUN": "3547809", "NM_MUN": "Santo André", "CD_DIST": "354780905", "NM_DIST": "Santo André", "CD_SUBDIST": "35478090500", "NM_SUBDIST": null, "CD_BAIRRO": "3547809119", "NM_BAIRRO": "Jardim Telles de Menezes", "CD_RGINT": "3501", "NM_RGINT": "São Paulo", "CD_RGI": "350001", "NM_RGI": "São Paulo", "CD_CONCURB": "3550308", "NM_CONCURB": "São Paulo/SP" }, "geometry": { "type": "Polygon", "coordinates": [ [ [ -46.511292599999933, -23.699131499999964 ], [ -46.511800099999959, -23.698710099999971 ], [ -46.512656, -23.698536499999932 ], [ -46.513208299999974, -23.698797199999944 ], [ -46.514431499999944, -23.69674189999995 ], [ -46.513598099999967, -23.695707399999947 ], [ -46.510229299999935, -23.693828499999938 ], [ -46.510278399999947, -23.693673199999978 ], [ -46.509171599999945, -23.693458699999951 ], [ -46.508679699999959, -23.692952499999933 ], [ -46.508213299999966, -23.693286599999965 ], [ -46.506886599999973, -23.692716699999949 ], [ -46.506286499999931, -23.695475399999964 ], [ -46.505939499999954, -23.698344799999973 ], [ -46.509808599999985, -23.700306 ], [ -46.510037, -23.699941399999943 ], [ -46.509864799999946, -23.699919099999931 ], [ -46.509792299999958, -23.69967749999995 ], [ -46.51029879999993, -23.699141899999972 ], [ -46.510883099999944, -23.699633199999937 ], [ -46.511362199999951, -23.699273399999981 ], [ -46.511292599999933, -23.699131499999964 ] ] ] } },
{ "type": "Feature", "properties": { "CD_REGIAO": "3", "NM_REGIAO": "Sudeste", "CD_UF": "35", "NM_UF": "São Paulo", "CD_MUN": "3547809", "NM_MUN": "Santo André", "CD_DIST": "354780905", "NM_DIST": "Santo André", "CD_SUBDIST": "35478090500", "NM_SUBDIST": null, "CD_BAIRRO": "3547809035", "NM_BAIRRO": "Vila Alice", "CD_RGINT": "3501", "NM_RGINT": "São Paulo", "CD_RGI": "350001", "NM_RGI": "São Paulo", "CD_CONCURB": "3550308", "NM_CONCURB": "São Paulo/SP" }, "geometry": { "type": "Polygon", "coordinates": [ [ [ -46.541138499999931, -23.662646799999948 ], [ -46.540560199999959, -23.663755599999945 ], [ -46.54158149999995, -23.665531499999929 ], [ -46.543666899999948, -23.664634299999932 ], [ -46.547034, -23.661981 ], [ -46.546416, -23.661878799999954 ], [ -46.546480599999938, -23.661757299999977 ], [ -46.544368799999972, -23.660396299999945 ], [ -46.543729199999973, -23.660298699999942 ], [ -46.542530499999941, -23.660416 ], [ -46.542506299999957, -23.660904799999969 ], [ -46.540817, -23.66155 ], [ -46.541138499999931, -23.662646799999948 ] ] ] } },
{ "type": "Feature", "properties": { "CD_REGIAO": "3", "NM_REGIAO": "Sudeste", "CD_UF": "35", "NM_UF": "São Paulo", "CD_MUN": "3547809", "NM_MUN": "Santo André", "CD_DIST": "354780905", "NM_DIST": "Santo André", "CD_SUBDIST": "35478090500", "NM_SUBDIST": null, "CD_BAIRRO": "3547809081", "NM_BAIRRO": "Jardim Clube de Campo", "CD_RGINT": "3501", "NM_RGINT": "São Paulo", "CD_RGI": "350001", "NM_RGI": "São Paulo", "CD_CONCURB": "3550308", "NM_CONCURB": "São Paulo/SP" }, "geometry": { "type": "Polygon", "coordinates": [ [ [ -46.476699199999985, -23.764616299999943 ], [ -46.478891899999951, -23.764179799999965 ], [ -46.481423099999972, -23.762378599999977 ], [ -46.481057199999952, -23.761714599999948 ], [ -46.479442399999982, -23.761252299999967 ], [ -46.476813499999935, -23.761656499999958 ], [ -46.476283099999932, -23.761616199999935 ], [ -46.47562679999993, -23.760852899999975 ], [ -46.475553399999967, -23.760304499999961 ], [ -46.476498499999934, -23.760027 ], [ -46.476508299999978, -23.759641699999975 ], [ -46.476410899999962, -23.759451699999943 ], [ -46.476056, -23.759341699999936 ], [ -46.475584799999979, -23.759460599999954 ], [ -46.47533859999993, -23.759732499999927 ], [ -46.47511, -23.759459199999981 ], [ -46.475522499999954, -23.758314899999959 ], [ -46.475586899999939, -23.757529699999964 ], [ -46.475076099999967, -23.757317199999932 ], [ -46.474674399999969, -23.757589099999961 ], [ -46.472754399999985, -23.757778299999927 ], [ -46.471859299999949, -23.758591499999966 ], [ -46.471345199999973, -23.759948899999983 ], [ -46.470788599999935, -23.759936 ], [ -46.470675299999982, -23.759832299999971 ], [ -46.471055699999965, -23.758243099999959 ], [ -46.470744199999956, -23.75782739999994 ], [ -46.470203799999979, -23.757484399999953 ], [ -46.468987899999945, -23.756968399999948 ], [ -46.468615, -23.757104499999969 ], [ -46.468161499999951, -23.758250699999962 ], [ -46.467198699999983, -23.759301299999947 ], [ -46.466998199999978, -23.759210199999927 ], [ -46.467333199999985, -23.758562 ], [ -46.467299099999934, -23.758328099999972 ], [ -46.466849199999956, -23.758069299999931 ], [ -46.465699599999937, -23.759196399999951 ], [ -46.463512, -23.758638 ], [ -46.462373, -23.758635 ], [ -46.461196, -23.758876 ], [ -46.459534699999949, -23.76105229999996 ], [ -46.47422819999997, -23.771488399999953 ], [ -46.474428299999943, -23.771207299999958 ], [ -46.475233799999955, -23.767905499999983 ], [ -46.475797399999976, -23.76653959999993 ], [ -46.47453459999997, -23.765983299999959 ], [ -46.47159, -23.765893099999971 ], [ -46.470726, -23.765539799999942 ], [ -46.470528699999932, -23.765075499999966 ], [ -46.471684799999935, -23.764564399999983 ], [ -46.472327, -23.76466819999996 ], [ -46.475772499999948, -23.764498899999978 ], [ -46.476699199999985, -23.764616299999943 ] ] ] } },
{ "type": "Feature", "properties": { "CD_REGIAO": "3", "NM_REGIAO": "Sudeste", "CD_UF": "35", "NM_UF": "São Paulo", "CD_MUN": "3547809", "NM_MUN": "Santo André", "CD_DIST": "354780905", "NM_DIST": "Santo André", "CD_SUBDIST": "35478090500", "NM_SUBDIST": null, "CD_BAIRRO": "3547809002", "NM_BAIRRO": "Vila Metalúrgica", "CD_RGINT": "3501", "NM_RGINT": "São Paulo", "CD_RGI": "350001", "NM_RGI": "São Paulo", "CD_CONCURB": "3550308", "NM_CONCURB": "São Paulo/SP" }, "geometry": { "type": "Polygon", "coordinates": [ [ [ -46.531349099999943, -23.621080699999936 ], [ -46.531631, -23.621948299999929 ], [ -46.531225399999983, -23.621847899999977 ], [ -46.530480499999953, -23.62585439999998 ], [ -46.532010199999945, -23.627520499999946 ], [ -46.53016, -23.62893349999996 ], [ -46.529908, -23.630531 ], [ -46.530381499999976, -23.631572499999947 ], [ -46.537208, -23.632386 ], [ -46.536322499999983, -23.634245599999929 ], [ -46.535021299999983, -23.635159599999952 ], [ -46.534441099999981, -23.637679499999933 ], [ -46.534140199999968, -23.638189599999976 ], [ -46.534965799999952, -23.638336599999946 ], [ -46.535052399999984, -23.638157799999931 ], [ -46.536385799999948, -23.638828799999942 ], [ -46.548006, -23.619535 ], [ -46.549274, -23.617989 ], [ -46.551159, -23.616667 ], [ -46.550757, -23.616175 ], [ -46.550315, -23.616028 ], [ -46.548257, -23.616408 ], [ -46.545406, -23.615848 ], [ -46.545825, -23.613918 ], [ -46.546146, -23.611242 ], [ -46.545922, -23.610997 ], [ -46.544646, -23.610843 ], [ -46.548043, -23.606092 ], [ -46.546818, -23.605665 ], [ -46.546539, -23.605697 ], [ -46.544767, -23.607989 ], [ -46.535063, -23.614049 ], [ -46.53441, -23.614376 ], [ -46.533244599999932, -23.614246199999968 ], [ -46.53196029999998, -23.616169199999945 ], [ -46.532758399999977, -23.618687699999953 ], [ -46.531209099999955, -23.619145599999968 ], [ -46.531349099999943, -23.621080699999936 ] ] ] } },
{ "type": "Feature", "properties": { "CD_REGIAO": "3", "NM_REGIAO": "Sudeste", "CD_UF": "35", "NM_UF": "São Paulo", "CD_MUN": "3547809", "NM_MUN": "Santo André", "CD_DIST": "354780905", "NM_DIST": "Santo André", "CD_SUBDIST": "35478090500", "NM_SUBDIST": null, "CD_BAIRRO": "3547809045", "NM_BAIRRO": "Cidade São Jorge", "CD_RGINT": "3501", "NM_RGINT": "São Paulo", "CD_RGI": "350001", "NM_RGI": "São Paulo", "CD_CONCURB": "3550308", "NM_CONCURB": "São Paulo/SP" }, "geometry": { "type": "Polygon", "coordinates": [ [ [ -46.490503499999932, -23.670564499999955 ], [ -46.482271, -23.671129 ], [ -46.48168, -23.671736 ], [ -46.481017, -23.673674 ], [ -46.480996, -23.675036 ], [ -46.480637, -23.676871 ], [ -46.480644, -23.67874 ], [ -46.480265, -23.680598 ], [ -46.481359, -23.682766 ], [ -46.483332, -23.685016 ], [ -46.483416, -23.685658 ], [ -46.48365, -23.686055 ], [ -46.482941, -23.68704 ], [ -46.483048, -23.687354 ], [ -46.484462, -23.688256 ], [ -46.485294, -23.689037 ], [ -46.485717, -23.690106 ], [ -46.485725, -23.690799 ], [ -46.48678039999993, -23.690879299999949 ], [ -46.488650099999973, -23.689934099999959 ], [ -46.486937, -23.688802 ], [ -46.485923899999932, -23.687550099999953 ], [ -46.48529579999996, -23.685222599999975 ], [ -46.491745199999968, -23.682187499999941 ], [ -46.491295499999978, -23.681376399999976 ], [ -46.491277099999934, -23.680771799999945 ], [ -46.491145, -23.680761599999983 ], [ -46.490743899999984, -23.679667099999961 ], [ -46.490061899999944, -23.67845189999997 ], [ -46.48922529999993, -23.677534099999946 ], [ -46.48916909999997, -23.677281 ], [ -46.488559899999984, -23.67726609999994 ], [ -46.488067399999977, -23.675724699999932 ], [ -46.488181699999984, -23.67492 ], [ -46.488509099999931, -23.674407799999983 ], [ -46.488219099999981, -23.674054599999977 ], [ -46.488478, -23.673449399999981 ], [ -46.489410299999975, -23.674445799999944 ], [ -46.490375499999971, -23.673753399999953 ], [ -46.488702399999966, -23.671889 ], [ -46.490503499999932, -23.670564499999955 ] ] ] } },
{ "type": "Feature", "properties": { "CD_REGIAO": "3", "NM_REGIAO": "Sudeste", "CD_UF": "35", "NM_UF": "São Paulo", "CD_MUN": "3547809", "NM_MUN": "Santo André", "CD_DIST": "354780905", "NM_DIST": "Santo André", "CD_SUBDIST": "35478090500", "NM_SUBDIST": null, "CD_BAIRRO": "3547809123", "NM_BAIRRO": "Vila Aquilino", "CD_RGINT": "3501", "NM_RGINT": "São Paulo", "CD_RGI": "350001", "NM_RGI": "São Paulo", "CD_CONCURB": "3550308", "NM_CONCURB": "São Paulo/SP" }, "geometry": { "type": "Polygon", "coordinates": [ [ [ -46.553228899999965, -23.652194 ], [ -46.553838799999937, -23.651359599999978 ], [ -46.55422219999997, -23.651559499999962 ], [ -46.55436009999994, -23.651304799999934 ], [ -46.554658299999971, -23.651215699999966 ], [ -46.554690699999981, -23.650188899999932 ], [ -46.55482539999997, -23.649967299999958 ], [ -46.553638599999942, -23.650664599999971 ], [ -46.552911199999983, -23.65024939999995 ], [ -46.552413599999966, -23.650438699999938 ], [ -46.552854499999967, -23.65070309999993 ], [ -46.552907399999981, -23.651044899999931 ], [ -46.552238, -23.651212 ], [ -46.550840499999936, -23.652978699999949 ], [ -46.549885399999937, -23.654641099999935 ], [ -46.548882599999956, -23.655236899999977 ], [ -46.549389, -23.656417 ], [ -46.550167, -23.657379 ], [ -46.551534499999946, -23.658193599999947 ], [ -46.55342, -23.658780099999944 ], [ -46.553903899999966, -23.659072 ], [ -46.553950399999962, -23.657695399999966 ], [ -46.55374889999996, -23.65707939999993 ], [ -46.55399239999997, -23.656715099999928 ], [ -46.5538, -23.655875 ], [ -46.5543, -23.653838 ], [ -46.553322799999933, -23.653399199999967 ], [ -46.553898099999969, -23.652579 ], [ -46.553228899999965, -23.652194 ] ] ] } },
{ "type": "Feature", "properties": { "CD_REGIAO": "3", "NM_REGIAO": "Sudeste", "CD_UF": "35", "NM_UF": "São Paulo", "CD_MUN": "3547809", "NM_MUN": "Santo André", "CD_DIST": "354780905", "NM_DIST": "Santo André", "CD_SUBDIST": "35478090500", "NM_SUBDIST": null, "CD_BAIRRO": "3547809040", "NM_BAIRRO": "Paraíso", "CD_RGINT": "3501", "NM_RGINT": "São Paulo", "CD_RGI": "350001", "NM_RGI": "São Paulo", "CD_CONCURB": "3550308", "NM_CONCURB": "São Paulo/SP" }, "geometry": { "type": "Polygon", "coordinates": [ [ [ -46.533758299999931, -23.678332099999977 ], [ -46.534187, -23.678548 ], [ -46.534662, -23.677681 ], [ -46.535425699999962, -23.677142 ], [ -46.536126, -23.676896 ], [ -46.536993299999949, -23.67683489999996 ], [ -46.536451299999953, -23.675344099999961 ], [ -46.536653699999931, -23.673144099999945 ], [ -46.536452199999985, -23.672256 ], [ -46.535750899999982, -23.671010099999933 ], [ -46.535625499999981, -23.671105699999941 ], [ -46.535204699999952, -23.670423199999959 ], [ -46.532716799999946, -23.668279699999971 ], [ -46.532633499999974, -23.668362199999933 ], [ -46.532781599999964, -23.66852629999994 ], [ -46.532368199999951, -23.668895599999928 ], [ -46.531294599999967, -23.671572099999935 ], [ -46.530671199999972, -23.671838699999967 ], [ -46.530765499999973, -23.672056 ], [ -46.530425499999978, -23.671928399999956 ], [ -46.526476799999955, -23.675628399999937 ], [ -46.530944599999941, -23.681354899999974 ], [ -46.531605099999979, -23.680847299999982 ], [ -46.533758299999931, -23.678332099999977 ] ] ] } },
{ "type": "Feature", "properties": { "CD_REGIAO": "3", "NM_REGIAO": "Sudeste", "CD_UF": "35", "NM_UF": "São Paulo", "CD_MUN": "3547809", "NM_MUN": "Santo André", "CD_DIST": "354780905", "NM_DIST": "Santo André", "CD_SUBDIST": "35478090500", "NM_SUBDIST": null, "CD_BAIRRO": "3547809063", "NM_BAIRRO": "Jardim Alvorada", "CD_RGINT": "3501", "NM_RGINT": "São Paulo", "CD_RGI": "350001", "NM_RGI": "São Paulo", "CD_CONCURB": "3550308", "NM_CONCURB": "São Paulo/SP" }, "geometry": { "type": "Polygon", "coordinates": [ [ [ -46.523749, -23.701351 ], [ -46.524995299999944, -23.701717299999927 ], [ -46.525055099999975, -23.70135229999994 ], [ -46.525798699999939, -23.700106399999981 ], [ -46.525220699999977, -23.699657399999978 ], [ -46.526767799999959, -23.697229 ], [ -46.526483199999973, -23.69703549999997 ], [ -46.527009, -23.696023 ], [ -46.528042199999959, -23.694719099999929 ], [ -46.527791799999932, -23.694381199999953 ], [ -46.528254899999979, -23.693310899999972 ], [ -46.528290299999981, -23.692357499999957 ], [ -46.526988, -23.692295599999966 ], [ -46.525127099999963, -23.691621099999963 ], [ -46.524024299999951, -23.690897399999983 ], [ -46.523567599999978, -23.689660199999935 ], [ -46.522825399999931, -23.689352199999973 ], [ -46.522143899999946, -23.689317399999936 ], [ -46.521291, -23.692309 ], [ -46.52000849999996, -23.695016099999975 ], [ -46.519304, -23.697662299999934 ], [ -46.519444399999941, -23.700774 ], [ -46.520327, -23.700622 ], [ -46.52101, -23.701711 ], [ -46.52188, -23.702466 ], [ -46.522612, -23.702761 ], [ -46.523749, -23.701351 ] ] ] } },
{ "type": "Feature", "properties": { "CD_REGIAO": "3", "NM_REGIAO": "Sudeste", "CD_UF": "35", "NM_UF": "São Paulo", "CD_MUN": "3547809", "NM_MUN": "Santo André", "CD_DIST": "354780905", "NM_DIST": "Santo André", "CD_SUBDIST": "35478090500", "NM_SUBDIST": null, "CD_BAIRRO": "3547809125", "NM_BAIRRO": "Vila Vitória", "CD_RGINT": "3501", "NM_RGINT": "São Paulo", "CD_RGI": "350001", "NM_RGI": "São Paulo", "CD_CONCURB": "3550308", "NM_CONCURB": "São Paulo/SP" }, "geometry": { "type": "Polygon", "coordinates": [ [ [ -46.511426299999982, -23.687547599999959 ], [ -46.51185449999997, -23.687612799999954 ], [ -46.512166, -23.68743 ], [ -46.513519099999939, -23.688967599999955 ], [ -46.514554899999951, -23.688248299999941 ], [ -46.513332, -23.685897 ], [ -46.512873799999966, -23.686294199999963 ], [ -46.512383299999954, -23.685280399999954 ], [ -46.512013899999943, -23.685098299999936 ], [ -46.512319299999945, -23.684423099999947 ], [ -46.508233399999938, -23.684076799999957 ], [ -46.506371599999966, -23.683698599999957 ], [ -46.506001199999957, -23.684411699999941 ], [ -46.507103, -23.687564599999973 ], [ -46.507360799999958, -23.689406899999938 ], [ -46.507290099999977, -23.690770499999928 ], [ -46.506886599999973, -23.692716699999949 ], [ -46.508213299999966, -23.693286599999965 ], [ -46.508679699999959, -23.692952499999933 ], [ -46.50835, -23.691248 ], [ -46.508745, -23.690235 ], [ -46.508723699999962, -23.68909089999994 ], [ -46.509092, -23.689258799999948 ], [ -46.509601699999962, -23.68919649999998 ], [ -46.510467, -23.688789 ], [ -46.510787, -23.688598 ], [ -46.511426299999982, -23.687547599999959 ] ] ] } },
{ "type": "Feature", "properties": { "CD_REGIAO": "3", "NM_REGIAO": "Sudeste", "CD_UF": "35", "NM_UF": "São Paulo", "CD_MUN": "3547809", "NM_MUN": "Santo André", "CD_DIST": "354780905", "NM_DIST": "Santo André", "CD_SUBDIST": "35478090500", "NM_SUBDIST": null, "CD_BAIRRO": "3547809003", "NM_BAIRRO": "Vila Camilópolis", "CD_RGINT": "3501", "NM_RGINT": "São Paulo", "CD_RGI": "350001", "NM_RGI": "São Paulo", "CD_CONCURB": "3550308", "NM_CONCURB": "São Paulo/SP" }, "geometry": { "type": "Polygon", "coordinates": [ [ [ -46.522703, -23.618512 ], [ -46.524201599999969, -23.622737899999947 ], [ -46.524497099999962, -23.62306069999994 ], [ -46.524416199999962, -23.623646 ], [ -46.524681499999986, -23.624751599999968 ], [ -46.526763599999981, -23.628147099999978 ], [ -46.527786899999967, -23.631244 ], [ -46.529169, -23.630962499999953 ], [ -46.529285199999947, -23.631243199999972 ], [ -46.530300199999942, -23.631411799999967 ], [ -46.529908, -23.630531 ], [ -46.53016, -23.62893349999996 ], [ -46.532010199999945, -23.627520499999946 ], [ -46.530480499999953, -23.62585439999998 ], [ -46.531225399999983, -23.621847899999977 ], [ -46.531631, -23.621948299999929 ], [ -46.531243699999948, -23.620751599999949 ], [ -46.531209099999955, -23.619145599999968 ], [ -46.532758399999977, -23.618687699999953 ], [ -46.53196029999998, -23.616169199999945 ], [ -46.533244599999932, -23.614246199999968 ], [ -46.532082, -23.614093 ], [ -46.531104, -23.614666 ], [ -46.529329, -23.613803 ], [ -46.523541, -23.614052 ], [ -46.522857, -23.613862 ], [ -46.522382, -23.614773 ], [ -46.522157, -23.615662 ], [ -46.522703, -23.618512 ] ] ] } },
{ "type": "Feature", "properties": { "CD_REGIAO": "3", "NM_REGIAO": "Sudeste", "CD_UF": "35", "NM_UF": "São Paulo", "CD_MUN": "3547809", "NM_MUN": "Santo André", "CD_DIST": "354780905", "NM_DIST": "Santo André", "CD_SUBDIST": "35478090500", "NM_SUBDIST": null, "CD_BAIRRO": "3547809034", "NM_BAIRRO": "Jardim Bela Vista", "CD_RGINT": "3501", "NM_RGINT": "São Paulo", "CD_RGI": "350001", "NM_RGI": "São Paulo", "CD_CONCURB": "3550308", "NM_CONCURB": "São Paulo/SP" }, "geometry": { "type": "Polygon", "coordinates": [ [ [ -46.532695, -23.661584 ], [ -46.531638299999941, -23.661988299999962 ], [ -46.532107, -23.663777 ], [ -46.531447, -23.664211099999932 ], [ -46.531914099999938, -23.666545599999949 ], [ -46.53473589999993, -23.667342399999939 ], [ -46.535861, -23.667885 ], [ -46.537432499999966, -23.668873399999939 ], [ -46.539430699999969, -23.67044489999995 ], [ -46.539708099999984, -23.669555199999934 ], [ -46.539472699999976, -23.669640399999935 ], [ -46.538966199999948, -23.669299199999955 ], [ -46.540890299999944, -23.665995499999951 ], [ -46.54158149999995, -23.665531499999929 ], [ -46.540560199999959, -23.663755599999945 ], [ -46.541138499999931, -23.662646799999948 ], [ -46.540817, -23.66155 ], [ -46.542506299999957, -23.660904799999969 ], [ -46.542524599999979, -23.660515299999929 ], [ -46.541585099999963, -23.660317599999928 ], [ -46.54005959999995, -23.65936819999996 ], [ -46.539341099999945, -23.660190399999976 ], [ -46.538695, -23.659247 ], [ -46.535407499999963, -23.66046549999993 ], [ -46.535456699999941, -23.661410799999942 ], [ -46.53439, -23.661402 ], [ -46.53441, -23.660892 ], [ -46.533653, -23.66119 ], [ -46.533283, -23.660406 ], [ -46.532305, -23.660818 ], [ -46.532695, -23.661584 ] ] ] } },
{ "type": "Feature", "properties": { "CD_REGIAO": "3", "NM_REGIAO": "Sudeste", "CD_UF": "35", "NM_UF": "São Paulo", "CD_MUN": "3547809", "NM_MUN": "Santo André", "CD_DIST": "354780905", "NM_DIST": "Santo André", "CD_SUBDIST": "35478090500", "NM_SUBDIST": null, "CD_BAIRRO": "3547809122", "NM_BAIRRO": "Pinheirinho", "CD_RGINT": "3501", "NM_RGINT": "São Paulo", "CD_RGI": "350001", "NM_RGI": "São Paulo", "CD_CONCURB": "3550308", "NM_CONCURB": "São Paulo/SP" }, "geometry": { "type": "Polygon", "coordinates": [ [ [ -46.539116899999954, -23.67963409999993 ], [ -46.543770599999959, -23.67691949999994 ], [ -46.541739, -23.674127 ], [ -46.540021, -23.6741 ], [ -46.539503, -23.674771499999963 ], [ -46.536993299999949, -23.67683489999996 ], [ -46.536745899999971, -23.676946099999952 ], [ -46.53649269999994, -23.676836399999956 ], [ -46.539116899999954, -23.67963409999993 ] ] ] } },
{ "type": "Feature", "properties": { "CD_REGIAO": "3", "NM_REGIAO": "Sudeste", "CD_UF": "35", "NM_UF": "São Paulo", "CD_MUN": "3547809", "NM_MUN": "Santo André", "CD_DIST": "354780905", "NM_DIST": "Santo André", "CD_SUBDIST": "35478090500", "NM_SUBDIST": null, "CD_BAIRRO": "3547809077", "NM_BAIRRO": "Waisberg I", "CD_RGINT": "3501", "NM_RGINT": "São Paulo", "CD_RGI": "350001", "NM_RGI": "São Paulo", "CD_CONCURB": "3550308", "NM_CONCURB": "São Paulo/SP" }, "geometry": { "type": "Polygon", "coordinates": [ [ [ -46.485557799999981, -23.731442299999969 ], [ -46.485072, -23.732380699999965 ], [ -46.483040299999971, -23.735666899999956 ], [ -46.48485519999997, -23.735780299999931 ], [ -46.48590669999993, -23.736036799999965 ], [ -46.486091899999963, -23.735931799999946 ], [ -46.485956399999964, -23.735134499999958 ], [ -46.48644239999993, -23.735095899999976 ], [ -46.486795, -23.734259899999927 ], [ -46.48642289999998, -23.733439499999974 ], [ -46.48583229999997, -23.733141399999965 ], [ -46.485959099999945, -23.733042799999964 ], [ -46.486956499999962, -23.733383199999935 ], [ -46.487093199999947, -23.733243699999946 ], [ -46.486715599999968, -23.732215699999983 ], [ -46.485992, -23.731923 ], [ -46.485886, -23.731647299999963 ], [ -46.486167799999976, -23.731662899999947 ], [ -46.486520499999983, -23.731223099999966 ], [ -46.487139299999967, -23.730833299999972 ], [ -46.487134499999968, -23.73014459999996 ], [ -46.487382599999933, -23.729767799999934 ], [ -46.487021, -23.728532 ], [ -46.486001, -23.731272399999966 ], [ -46.485557799999981, -23.731442299999969 ] ] ] } },
{ "type": "Feature", "properties": { "CD_REGIAO": "3", "NM_REGIAO": "Sudeste", "CD_UF": "35", "NM_UF": "São Paulo", "CD_MUN": "3547809", "NM_MUN": "Santo André", "CD_DIST": "354780905", "NM_DIST": "Santo André", "CD_SUBDIST": "35478090500", "NM_SUBDIST": null, "CD_BAIRRO": "3547809054", "NM_BAIRRO": "Vila Junqueira", "CD_RGINT": "3501", "NM_RGINT": "São Paulo", "CD_RGI": "350001", "NM_RGI": "São Paulo", "CD_CONCURB": "3550308", "NM_CONCURB": "São Paulo/SP" }, "geometry": { "type": "Polygon", "coordinates": [ [ [ -46.511462, -23.692241 ], [ -46.511923, -23.692132 ], [ -46.512898, -23.69078049999996 ], [ -46.511585799999978, -23.689119699999935 ], [ -46.51185449999997, -23.687612799999954 ], [ -46.511426299999982, -23.687547599999959 ], [ -46.510787, -23.688598 ], [ -46.510467, -23.688789 ], [ -46.509601699999962, -23.68919649999998 ], [ -46.509092, -23.689258799999948 ], [ -46.508723699999962, -23.68909089999994 ], [ -46.508745, -23.690235 ], [ -46.50835, -23.691248 ], [ -46.508679699999959, -23.692952499999933 ], [ -46.509262799999931, -23.693493099999955 ], [ -46.509875299999976, -23.69355429999996 ], [ -46.511462, -23.692241 ] ] ] } },
{ "type": "Feature", "properties": { "CD_REGIAO": "3", "NM_REGIAO": "Sudeste", "CD_UF": "35", "NM_UF": "São Paulo", "CD_MUN": "3547809", "NM_MUN": "Santo André", "CD_DIST": "354780905", "NM_DIST": "Santo André", "CD_SUBDIST": "35478090500", "NM_SUBDIST": null, "CD_BAIRRO": "3547809005", "NM_BAIRRO": "Jardim das Maravilhas", "CD_RGINT": "3501", "NM_RGINT": "São Paulo", "CD_RGI": "350001", "NM_RGI": "São Paulo", "CD_CONCURB": "3550308", "NM_CONCURB": "São Paulo/SP" }, "geometry": { "type": "Polygon", "coordinates": [ [ [ -46.514576099999942, -23.623146 ], [ -46.516559599999937, -23.624638299999958 ], [ -46.516913, -23.624212 ], [ -46.518332699999974, -23.625297199999977 ], [ -46.520096, -23.625476 ], [ -46.521034099999952, -23.623951799999929 ], [ -46.521188499999937, -23.622839399999975 ], [ -46.519427499999949, -23.620977399999958 ], [ -46.51753, -23.621692 ], [ -46.516859, -23.621262 ], [ -46.515020399999969, -23.619510099999957 ], [ -46.515631199999973, -23.619420199999979 ], [ -46.515022, -23.618861 ], [ -46.515048099999944, -23.618412499999977 ], [ -46.514749, -23.618432 ], [ -46.514812, -23.61831 ], [ -46.513226, -23.618925 ], [ -46.511647699999969, -23.621606399999962 ], [ -46.512484599999937, -23.622197299999982 ], [ -46.513056699999936, -23.621645699999931 ], [ -46.514003399999979, -23.623481199999958 ], [ -46.514317499999947, -23.623431 ], [ -46.514576099999942, -23.623146 ] ] ] } },
{ "type": "Feature", "properties": { "CD_REGIAO": "3", "NM_REGIAO": "Sudeste", "CD_UF": "35", "NM_UF": "São Paulo", "CD_MUN": "3547809", "NM_MUN": "Santo André", "CD_DIST": "354780905", "NM_DIST": "Santo André", "CD_SUBDIST": "35478090500", "NM_SUBDIST": null, "CD_BAIRRO": "3547809007", "NM_BAIRRO": "Jardim Santo Antônio", "CD_RGINT": "3501", "NM_RGINT": "São Paulo", "CD_RGI": "350001", "NM_RGI": "São Paulo", "CD_CONCURB": "3550308", "NM_CONCURB": "São Paulo/SP" }, "geometry": { "type": "Polygon", "coordinates": [ [ [ -46.517677599999956, -23.626804299999947 ], [ -46.516851899999949, -23.627249399999982 ], [ -46.515953, -23.62811389999996 ], [ -46.515646599999968, -23.629197899999951 ], [ -46.522707, -23.633113 ], [ -46.522961, -23.633155 ], [ -46.523749, -23.632583 ], [ -46.527786899999967, -23.631244 ], [ -46.526763599999981, -23.628147099999978 ], [ -46.524681499999986, -23.624751599999968 ], [ -46.524416199999962, -23.623646 ], [ -46.524497099999962, -23.62306069999994 ], [ -46.524201599999969, -23.622737899999947 ], [ -46.521147499999984, -23.623400499999946 ], [ -46.521034099999952, -23.623951799999929 ], [ -46.519474499999944, -23.62649289999996 ], [ -46.518737599999952, -23.626820099999975 ], [ -46.517677599999956, -23.626804299999947 ] ] ] } },
{ "type": "Feature", "properties": { "CD_REGIAO": "3", "NM_REGIAO": "Sudeste", "CD_UF": "35", "NM_UF": "São Paulo", "CD_MUN": "3547809", "NM_MUN": "Santo André", "CD_DIST": "354780905", "NM_DIST": "Santo André", "CD_SUBDIST": "35478090500", "NM_SUBDIST": null, "CD_BAIRRO": "3547809014", "NM_BAIRRO": "Campestre", "CD_RGINT": "3501", "NM_RGINT": "São Paulo", "CD_RGI": "350001", "NM_RGI": "São Paulo", "CD_CONCURB": "3550308", "NM_CONCURB": "São Paulo/SP" }, "geometry": { "type": "Polygon", "coordinates": [ [ [ -46.544989, -23.624569 ], [ -46.536385799999948, -23.638828799999942 ], [ -46.538235199999974, -23.639768699999934 ], [ -46.538637, -23.640160099999946 ], [ -46.538774, -23.640616 ], [ -46.538725499999941, -23.641952299999957 ], [ -46.539443199999937, -23.643282699999929 ], [ -46.540339, -23.643785299999934 ], [ -46.545919399999946, -23.64797139999996 ], [ -46.546025799999938, -23.647602399999982 ], [ -46.549546, -23.646484199999975 ], [ -46.550191, -23.646128 ], [ -46.550839199999984, -23.645361299999934 ], [ -46.552353799999935, -23.642876499999943 ], [ -46.551653, -23.642443 ], [ -46.551941, -23.641691 ], [ -46.551601, -23.639826 ], [ -46.55166, -23.639194 ], [ -46.551532, -23.638873 ], [ -46.550958, -23.638496 ], [ -46.550744, -23.638143 ], [ -46.550261, -23.635139 ], [ -46.550181, -23.6336 ], [ -46.549067, -23.628762 ], [ -46.547972, -23.626932 ], [ -46.545993, -23.625223 ], [ -46.544989, -23.624569 ] ] ] } },
{ "type": "Feature", "properties": { "CD_REGIAO": "3", "NM_REGIAO": "Sudeste", "CD_UF": "35", "NM_UF": "São Paulo", "CD_MUN": "3547809", "NM_MUN": "Santo André", "CD_DIST": "354780905", "NM_DIST": "Santo André", "CD_SUBDIST": "35478090500", "NM_SUBDIST": null, "CD_BAIRRO": "3547809066", "NM_BAIRRO": "Vila Luzita", "CD_RGINT": "3501", "NM_RGINT": "São Paulo", "CD_RGI": "350001", "NM_RGI": "São Paulo", "CD_CONCURB": "3550308", "NM_CONCURB": "São Paulo/SP" }, "geometry": { "type": "Polygon", "coordinates": [ [ [ -46.507217699999956, -23.70435329999998 ], [ -46.508341399999949, -23.704806599999984 ], [ -46.509154299999977, -23.703581799999938 ], [ -46.509379499999966, -23.703694799999937 ], [ -46.509475899999984, -23.702826099999982 ], [ -46.510765099999958, -23.70080059999998 ], [ -46.505939499999954, -23.698344799999973 ], [ -46.506286499999931, -23.695475399999964 ], [ -46.506778699999984, -23.693203399999959 ], [ -46.505884599999945, -23.693606099999954 ], [ -46.505742599999962, -23.694151699999964 ], [ -46.504891899999961, -23.694517599999983 ], [ -46.504758599999946, -23.694755599999951 ], [ -46.504303399999969, -23.69736039999998 ], [ -46.50447209999993, -23.699485 ], [ -46.503213399999936, -23.704727499999933 ], [ -46.504267899999945, -23.704417499999977 ], [ -46.50517629999996, -23.704371399999957 ], [ -46.507032199999969, -23.704900099999975 ], [ -46.507217699999956, -23.70435329999998 ] ] ] } },
{ "type": "Feature", "properties": { "CD_REGIAO": "3", "NM_REGIAO": "Sudeste", "CD_UF": "35", "NM_UF": "São Paulo", "CD_MUN": "3547809", "NM_MUN": "Santo André", "CD_DIST": "354780905", "NM_DIST": "Santo André", "CD_SUBDIST": "35478090500", "NM_SUBDIST": null, "CD_BAIRRO": "3547809069", "NM_BAIRRO": "Jardim Irene", "CD_RGINT": "3501", "NM_RGINT": "São Paulo", "CD_RGI": "350001", "NM_RGI": "São Paulo", "CD_CONCURB": "3550308", "NM_CONCURB": "São Paulo/SP" }, "geometry": { "type": "Polygon", "coordinates": [ [ [ -46.506090799999981, -23.708632 ], [ -46.507584, -23.70941 ], [ -46.510499899999957, -23.711758 ], [ -46.510450299999945, -23.712267 ], [ -46.510978899999941, -23.712768499999981 ], [ -46.512729, -23.713268599999935 ], [ -46.512885099999949, -23.711789099999976 ], [ -46.512025699999981, -23.709421199999952 ], [ -46.512449599999968, -23.708498799999973 ], [ -46.512846, -23.708451199999956 ], [ -46.513086899999962, -23.708248 ], [ -46.513162, -23.707898899999975 ], [ -46.512743799999953, -23.707789299999945 ], [ -46.512646299999972, -23.708129 ], [ -46.512004199999978, -23.708016199999975 ], [ -46.511190499999941, -23.707495599999959 ], [ -46.509734599999945, -23.706894 ], [ -46.507032199999969, -23.704900099999975 ], [ -46.50517629999996, -23.704371399999957 ], [ -46.504267899999945, -23.704417499999977 ], [ -46.503213399999936, -23.704727499999933 ], [ -46.503097199999957, -23.706668199999967 ], [ -46.503319, -23.707218 ], [ -46.505447199999935, -23.709257299999933 ], [ -46.506090799999981, -23.708632 ] ] ] } },
{ "type": "Feature", "properties": { "CD_REGIAO": "3", "NM_REGIAO": "Sudeste", "CD_UF": "35", "NM_UF": "São Paulo", "CD_MUN": "3547809", "NM_MUN": "Santo André", "CD_DIST": "354780905", "NM_DIST": "Santo André", "CD_SUBDIST": "35478090500", "NM_SUBDIST": null, "CD_BAIRRO": "3547809037", "NM_BAIRRO": "Vila Valparaíso", "CD_RGINT": "3501", "NM_RGINT": "São Paulo", "CD_RGI": "350001", "NM_RGI": "São Paulo", "CD_CONCURB": "3550308", "NM_CONCURB": "São Paulo/SP" }, "geometry": { "type": "Polygon", "coordinates": [ [ [ -46.548535499999957, -23.663980399999957 ], [ -46.546205399999963, -23.662643899999978 ], [ -46.543666899999948, -23.664634299999932 ], [ -46.54158149999995, -23.665531499999929 ], [ -46.540890299999944, -23.665995499999951 ], [ -46.54035209999995, -23.666935599999931 ], [ -46.541572699999961, -23.66762 ], [ -46.542442, -23.66845 ], [ -46.543134, -23.668066499999952 ], [ -46.543090399999983, -23.667840699999942 ], [ -46.543527299999937, -23.667765699999961 ], [ -46.544006, -23.669480299999975 ], [ -46.544591299999979, -23.670141499999943 ], [ -46.546592799999985, -23.670784399999945 ], [ -46.546526, -23.670935399999962 ], [ -46.548629, -23.67217 ], [ -46.551798, -23.671321 ], [ -46.552328, -23.670783 ], [ -46.552514, -23.670007 ], [ -46.553153, -23.669275 ], [ -46.553039, -23.668245 ], [ -46.553152, -23.667417 ], [ -46.551540699999975, -23.666830899999979 ], [ -46.550881799999956, -23.666365499999984 ], [ -46.548535499999957, -23.663980399999957 ] ] ] } },
{ "type": "Feature", "properties": { "CD_REGIAO": "3", "NM_REGIAO": "Sudeste", "CD_UF": "35", "NM_UF": "São Paulo", "CD_MUN": "3547809", "NM_MUN": "Santo André", "CD_DIST": "354780905", "NM_DIST": "Santo André", "CD_SUBDIST": "35478090500", "NM_SUBDIST": null, "CD_BAIRRO": "3547809041", "NM_BAIRRO": "Vila Pires", "CD_RGINT": "3501", "NM_RGINT": "São Paulo", "CD_RGI": "350001", "NM_RGI": "São Paulo", "CD_CONCURB": "3550308", "NM_CONCURB": "São Paulo/SP" }, "geometry": { "type": "Polygon", "coordinates": [ [ [ -46.513814199999956, -23.670269 ], [ -46.510977499999967, -23.669153299999948 ], [ -46.510170499999958, -23.670430799999963 ], [ -46.508786399999963, -23.671281299999976 ], [ -46.507981199999961, -23.672184099999981 ], [ -46.505324, -23.680169 ], [ -46.505318699999975, -23.681953299999975 ], [ -46.506001199999957, -23.684411699999941 ], [ -46.506371599999966, -23.683698599999957 ], [ -46.508233399999938, -23.684076799999957 ], [ -46.512319299999945, -23.684423099999947 ], [ -46.514443, -23.6802 ], [ -46.512836, -23.679503 ], [ -46.513284, -23.678605 ], [ -46.51497, -23.679328 ], [ -46.515564599999948, -23.678019399999982 ], [ -46.514433, -23.677408 ], [ -46.516076799999951, -23.676602799999955 ], [ -46.516264899999953, -23.676692499999945 ], [ -46.517652899999973, -23.673924499999941 ], [ -46.516872799999931, -23.670868699999971 ], [ -46.515968, -23.670952 ], [ -46.513788, -23.670487 ], [ -46.513814199999956, -23.670269 ] ] ] } },
{ "type": "Feature", "properties": { "CD_REGIAO": "3", "NM_REGIAO": "Sudeste", "CD_UF": "35", "NM_UF": "São Paulo", "CD_MUN": "3547809", "NM_MUN": "Santo André", "CD_DIST": "354780905", "NM_DIST": "Santo André", "CD_SUBDIST": "35478090500", "NM_SUBDIST": null, "CD_BAIRRO": "3547809025", "NM_BAIRRO": "Casa Branca", "CD_RGINT": "3501", "NM_RGINT": "São Paulo", "CD_RGI": "350001", "NM_RGI": "São Paulo", "CD_CONCURB": "3550308", "NM_CONCURB": "São Paulo/SP" }, "geometry": { "type": "Polygon", "coordinates": [ [ [ -46.519541, -23.664058 ], [ -46.520108, -23.664153 ], [ -46.520925, -23.663978 ], [ -46.521679, -23.663398 ], [ -46.522074, -23.66258 ], [ -46.522621, -23.660572 ], [ -46.522668, -23.659382 ], [ -46.522457, -23.658956 ], [ -46.521991, -23.658409 ], [ -46.521094, -23.658002 ], [ -46.521409, -23.65649 ], [ -46.519415, -23.658021 ], [ -46.517219, -23.660285 ], [ -46.51577, -23.662604 ], [ -46.514747, -23.662535 ], [ -46.514497, -23.664477 ], [ -46.513262, -23.663536 ], [ -46.512203099999965, -23.663030599999956 ], [ -46.509383, -23.6643 ], [ -46.510263899999984, -23.664560199999983 ], [ -46.512829099999976, -23.664323899999943 ], [ -46.513924799999984, -23.664415499999961 ], [ -46.519037099999935, -23.665962499999978 ], [ -46.519541, -23.664058 ] ] ] } },
{ "type": "Feature", "properties": { "CD_REGIAO": "3", "NM_REGIAO": "Sudeste", "CD_UF": "35", "NM_UF": "São Paulo", "CD_MUN": "3547809", "NM_MUN": "Santo André", "CD_DIST": "354780905", "NM_DIST": "Santo André", "CD_SUBDIST": "35478090500", "NM_SUBDIST": null, "CD_BAIRRO": "3547809116", "NM_BAIRRO": "Jardim Guarará", "CD_RGINT": "3501", "NM_RGINT": "São Paulo", "CD_RGI": "350001", "NM_RGI": "São Paulo", "CD_CONCURB": "3550308", "NM_CONCURB": "São Paulo/SP" }, "geometry": { "type": "Polygon", "coordinates": [ [ [ -46.509111599999983, -23.706478199999935 ], [ -46.512004199999978, -23.708016199999975 ], [ -46.512646299999972, -23.708129 ], [ -46.512822399999948, -23.707779799999969 ], [ -46.51401009999995, -23.708115299999974 ], [ -46.514187199999981, -23.708033199999932 ], [ -46.514027599999963, -23.707847799999968 ], [ -46.513320699999952, -23.707378299999959 ], [ -46.514315799999963, -23.706096599999967 ], [ -46.514530799999932, -23.706121899999971 ], [ -46.514638299999945, -23.705847199999937 ], [ -46.514767799999959, -23.705924399999958 ], [ -46.514985599999932, -23.705527 ], [ -46.515244699999982, -23.70539279999997 ], [ -46.515216299999963, -23.705049299999928 ], [ -46.515632599999947, -23.70496849999995 ], [ -46.515686399999936, -23.704336199999943 ], [ -46.516384199999948, -23.703566 ], [ -46.515102699999943, -23.703132399999959 ], [ -46.510765099999958, -23.70080059999998 ], [ -46.509475899999984, -23.702826099999982 ], [ -46.509379499999966, -23.703694799999937 ], [ -46.509154299999977, -23.703581799999938 ], [ -46.508341399999949, -23.704806599999984 ], [ -46.507217699999956, -23.70435329999998 ], [ -46.507032199999969, -23.704900099999975 ], [ -46.509111599999983, -23.706478199999935 ] ] ] } },
{ "type": "Feature", "properties": { "CD_REGIAO": "3", "NM_REGIAO": "Sudeste", "CD_UF": "35", "NM_UF": "São Paulo", "CD_MUN": "3547809", "NM_MUN": "Santo André", "CD_DIST": "354780905", "NM_DIST": "Santo André", "CD_SUBDIST": "35478090500", "NM_SUBDIST": null, "CD_BAIRRO": "3547809009", "NM_BAIRRO": "Parque Oratório", "CD_RGINT": "3501", "NM_RGINT": "São Paulo", "CD_RGI": "350001", "NM_RGI": "São Paulo", "CD_CONCURB": "3550308", "NM_CONCURB": "São Paulo/SP" }, "geometry": { "type": "Polygon", "coordinates": [ [ [ -46.503646, -23.627012199999967 ], [ -46.503770699999961, -23.629316899999935 ], [ -46.503651199999979, -23.630519399999969 ], [ -46.502988899999934, -23.632401799999968 ], [ -46.502934799999935, -23.634720899999934 ], [ -46.508159599999942, -23.636291699999958 ], [ -46.510281499999962, -23.63779889999995 ], [ -46.511394799999948, -23.636739199999965 ], [ -46.512149099999931, -23.637068699999929 ], [ -46.51277349999998, -23.636589499999957 ], [ -46.513181299999985, -23.635675599999956 ], [ -46.513483, -23.635531799999967 ], [ -46.512916099999984, -23.635126899999932 ], [ -46.512793199999976, -23.634407199999941 ], [ -46.512438699999961, -23.633920899999964 ], [ -46.511702599999978, -23.633537799999942 ], [ -46.511473099999932, -23.626128 ], [ -46.50985, -23.623737199999937 ], [ -46.507372, -23.625304 ], [ -46.506231, -23.625781 ], [ -46.504601, -23.625668 ], [ -46.503646, -23.627012199999967 ] ] ] } },
{ "type": "Feature", "properties": { "CD_REGIAO": "3", "NM_REGIAO": "Sudeste", "CD_UF": "35", "NM_UF": "São Paulo", "CD_MUN": "3547809", "NM_MUN": "Santo André", "CD_DIST": "354780905", "NM_DIST": "Santo André", "CD_SUBDIST": "35478090500", "NM_SUBDIST": null, "CD_BAIRRO": "3547809019", "NM_BAIRRO": "Santa Maria", "CD_RGINT": "3501", "NM_RGINT": "São Paulo", "CD_RGI": "350001", "NM_RGI": "São Paulo", "CD_CONCURB": "3550308", "NM_CONCURB": "São Paulo/SP" }, "geometry": { "type": "Polygon", "coordinates": [ [ [ -46.552413599999966, -23.650438699999938 ], [ -46.554021299999931, -23.64974559999996 ], [ -46.555245599999978, -23.648893199999975 ], [ -46.555413099999953, -23.648442699999976 ], [ -46.55474, -23.644113 ], [ -46.552353799999935, -23.642876499999943 ], [ -46.550839199999984, -23.645361299999934 ], [ -46.550191, -23.646128 ], [ -46.549546, -23.646484199999975 ], [ -46.546025799999938, -23.647602399999982 ], [ -46.545919399999946, -23.64797139999996 ], [ -46.548549499999979, -23.651282 ], [ -46.548747499999934, -23.651867699999968 ], [ -46.54873, -23.654148 ], [ -46.548882599999956, -23.655236899999977 ], [ -46.549885399999937, -23.654641099999935 ], [ -46.550840499999936, -23.652978699999949 ], [ -46.552238, -23.651212 ], [ -46.552907399999981, -23.651044899999931 ], [ -46.552854499999967, -23.65070309999993 ], [ -46.552413599999966, -23.650438699999938 ] ] ] } },
{ "type": "Feature", "properties": { "CD_REGIAO": "3", "NM_REGIAO": "Sudeste", "CD_UF": "35", "NM_UF": "São Paulo", "CD_MUN": "3547809", "NM_MUN": "Santo André", "CD_DIST": "354780905", "NM_DIST": "Santo André", "CD_SUBDIST": "35478090500", "NM_SUBDIST": null, "CD_BAIRRO": "3547809118", "NM_BAIRRO": "Jardim Santo André CDHU", "CD_RGINT": "3501", "NM_RGINT": "São Paulo", "CD_RGI": "350001", "NM_RGI": "São Paulo", "CD_CONCURB": "3550308", "NM_CONCURB": "São Paulo/SP" }, "geometry": { "type": "Polygon", "coordinates": [ [ [ -46.497203, -23.712119799999982 ], [ -46.496733, -23.708850899999959 ], [ -46.497997, -23.707722599999954 ], [ -46.499518, -23.70707 ], [ -46.499063899999953, -23.706127399999957 ], [ -46.498363499999982, -23.70636589999998 ], [ -46.49785769999994, -23.705496299999936 ], [ -46.497304799999938, -23.705431199999964 ], [ -46.497554399999956, -23.704742799999963 ], [ -46.49788019999994, -23.704226699999936 ], [ -46.498675699999978, -23.703589399999942 ], [ -46.499961, -23.703628 ], [ -46.498829199999932, -23.702322399999957 ], [ -46.499893199999974, -23.701444899999956 ], [ -46.50081739999996, -23.702486599999929 ], [ -46.501742, -23.702751 ], [ -46.502121799999941, -23.701004 ], [ -46.502109, -23.699664 ], [ -46.501412399999936, -23.699558399999944 ], [ -46.501131799999939, -23.699702099999968 ], [ -46.499734599999954, -23.699695799999972 ], [ -46.499703, -23.69922159999993 ], [ -46.49860069999994, -23.699233699999979 ], [ -46.498521399999959, -23.698993799999982 ], [ -46.497804299999984, -23.698847699999931 ], [ -46.495763, -23.698685699999942 ], [ -46.495509199999958, -23.698000799999932 ], [ -46.495114799999953, -23.69762419999995 ], [ -46.494062299999939, -23.697594599999945 ], [ -46.493387599999949, -23.697874699999943 ], [ -46.493531399999938, -23.697987799999964 ], [ -46.493251599999951, -23.698521699999958 ], [ -46.492423599999938, -23.698182199999962 ], [ -46.491624399999978, -23.69886669999994 ], [ -46.491047399999957, -23.698858599999937 ], [ -46.491008, -23.698623 ], [ -46.49029, -23.699762 ], [ -46.490279, -23.700546 ], [ -46.490945, -23.702756 ], [ -46.49098, -23.704809 ], [ -46.49072, -23.705624 ], [ -46.4891, -23.706628 ], [ -46.489063, -23.706789 ], [ -46.491204, -23.707806 ], [ -46.491662, -23.708348 ], [ -46.491748, -23.708967 ], [ -46.491384, -23.709627 ], [ -46.489812, -23.711392 ], [ -46.490108599999985, -23.711541 ], [ -46.490280499999983, -23.711941 ], [ -46.490390199999979, -23.713405099999932 ], [ -46.491149899999982, -23.714349899999945 ], [ -46.492377599999941, -23.714945599999965 ], [ -46.493119399999955, -23.715673699999968 ], [ -46.493518699999981, -23.715682899999933 ], [ -46.495052499999986, -23.715121799999963 ], [ -46.496819, -23.714952799999935 ], [ -46.49785049999997, -23.714108599999975 ], [ -46.499373599999956, -23.713393699999983 ], [ -46.500053, -23.713605 ], [ -46.500424399999986, -23.713111399999946 ], [ -46.500379699999939, -23.711846199999968 ], [ -46.497203, -23.712119799999982 ] ] ] } },
{ "type": "Feature", "properties": { "CD_REGIAO": "3", "NM_REGIAO": "Sudeste", "CD_UF": "35", "NM_UF": "São Paulo", "CD_MUN": "3547809", "NM_MUN": "Santo André", "CD_DIST": "354780905", "NM_DIST": "Santo André", "CD_SUBDIST": "35478090500", "NM_SUBDIST": null, "CD_BAIRRO": "3547809082", "NM_BAIRRO": "Sítio Taquaral", "CD_RGINT": "3501", "NM_RGINT": "São Paulo", "CD_RGI": "350001", "NM_RGI": "São Paulo", "CD_CONCURB": "3550308", "NM_CONCURB": "São Paulo/SP" }, "geometry": { "type": "Polygon", "coordinates": [ [ [ -46.453955699999938, -23.757137599999965 ], [ -46.453455, -23.757652 ], [ -46.453163, -23.758259 ], [ -46.452896, -23.759049 ], [ -46.452987, -23.759572 ], [ -46.454506, -23.760642 ], [ -46.456135, -23.762297 ], [ -46.457378, -23.763063 ], [ -46.45797, -23.763764 ], [ -46.457845, -23.764201 ], [ -46.457192, -23.764774 ], [ -46.457004, -23.765461 ], [ -46.457008, -23.766669 ], [ -46.457603, -23.768207 ], [ -46.460214, -23.767205 ], [ -46.460200599999951, -23.76809929999996 ], [ -46.462875199999985, -23.76764049999997 ], [ -46.463460299999952, -23.766868899999963 ], [ -46.463186299999961, -23.765067 ], [ -46.463774, -23.764051 ], [ -46.453955699999938, -23.757137599999965 ] ] ] } },
{ "type": "Feature", "properties": { "CD_REGIAO": "3", "NM_REGIAO": "Sudeste", "CD_UF": "35", "NM_UF": "São Paulo", "CD_MUN": "3547809", "NM_MUN": "Santo André", "CD_DIST": "354780905", "NM_DIST": "Santo André", "CD_SUBDIST": "35478090500", "NM_SUBDIST": null, "CD_BAIRRO": "3547809020", "NM_BAIRRO": "Vila Palmares", "CD_RGINT": "3501", "NM_RGINT": "São Paulo", "CD_RGI": "350001", "NM_RGI": "São Paulo", "CD_CONCURB": "3550308", "NM_CONCURB": "São Paulo/SP" }, "geometry": { "type": "Polygon", "coordinates": [ [ [ -46.558654599999954, -23.645119699999952 ], [ -46.557634899999982, -23.64612139999997 ], [ -46.55697, -23.647893 ], [ -46.556551, -23.648499 ], [ -46.555959, -23.648861 ], [ -46.555624, -23.648732 ], [ -46.555413099999953, -23.648442699999976 ], [ -46.555354499999964, -23.64876229999993 ], [ -46.554846399999974, -23.64919459999993 ], [ -46.552911199999983, -23.65024939999995 ], [ -46.553638599999942, -23.650664599999971 ], [ -46.55482539999997, -23.649967299999958 ], [ -46.554690699999981, -23.650188899999932 ], [ -46.554658299999971, -23.651215699999966 ], [ -46.55436009999994, -23.651304799999934 ], [ -46.55422219999997, -23.651559499999962 ], [ -46.560343899999964, -23.654780199999948 ], [ -46.561167599999976, -23.655363199999954 ], [ -46.561595, -23.654827 ], [ -46.562905, -23.653805 ], [ -46.563522, -23.652392 ], [ -46.56483019999996, -23.650968399999954 ], [ -46.565567499999986, -23.650590299999976 ], [ -46.567213599999945, -23.650162599999931 ], [ -46.56597, -23.648175 ], [ -46.564812, -23.64681 ], [ -46.563109, -23.646016 ], [ -46.562987, -23.646225 ], [ -46.561892, -23.64568 ], [ -46.560977, -23.644516 ], [ -46.56059879999998, -23.643715899999961 ], [ -46.558654599999954, -23.645119699999952 ] ] ] } },
{ "type": "Feature", "properties": { "CD_REGIAO": "3", "NM_REGIAO": "Sudeste", "CD_UF": "35", "NM_UF": "São Paulo", "CD_MUN": "3547809", "NM_MUN": "Santo André", "CD_DIST": "354780905", "NM_DIST": "Santo André", "CD_SUBDIST": "35478090500", "NM_SUBDIST": null, "CD_BAIRRO": "3547809006", "NM_BAIRRO": "Vila Lucinda", "CD_RGINT": "3501", "NM_RGINT": "São Paulo", "CD_RGI": "350001", "NM_RGI": "São Paulo", "CD_CONCURB": "3550308", "NM_CONCURB": "São Paulo/SP" }, "geometry": { "type": "Polygon", "coordinates": [ [ [ -46.511473099999932, -23.626128 ], [ -46.511702599999978, -23.633537799999942 ], [ -46.512914299999977, -23.634205599999973 ], [ -46.513777499999946, -23.63440369999995 ], [ -46.513641, -23.63376 ], [ -46.514263699999958, -23.630949399999963 ], [ -46.515553899999986, -23.629558 ], [ -46.515953, -23.62811389999996 ], [ -46.51733269999994, -23.62692119999997 ], [ -46.51788259999995, -23.626779 ], [ -46.518737599999952, -23.626820099999975 ], [ -46.519474499999944, -23.62649289999996 ], [ -46.520096, -23.625476 ], [ -46.518332699999974, -23.625297199999977 ], [ -46.516913, -23.624212 ], [ -46.516559599999937, -23.624638299999958 ], [ -46.514576099999942, -23.623146 ], [ -46.514317499999947, -23.623431 ], [ -46.514003399999979, -23.623481199999958 ], [ -46.513056699999936, -23.621645699999931 ], [ -46.512484599999937, -23.622197299999982 ], [ -46.511647699999969, -23.621606399999962 ], [ -46.511403, -23.622052 ], [ -46.510942, -23.622243 ], [ -46.510596, -23.622612 ], [ -46.50985, -23.623737199999937 ], [ -46.511473099999932, -23.626128 ] ] ] } },
{ "type": "Feature", "properties": { "CD_REGIAO": "3", "NM_REGIAO": "Sudeste", "CD_UF": "35", "NM_UF": "São Paulo", "CD_MUN": "3547809", "NM_MUN": "Santo André", "CD_DIST": "354780905", "NM_DIST": "Santo André", "CD_SUBDIST": "35478090500", "NM_SUBDIST": null, "CD_BAIRRO": "3547809073", "NM_BAIRRO": "Recreio da Borda do Campo", "CD_RGINT": "3501", "NM_RGINT": "São Paulo", "CD_RGI": "350001", "NM_RGI": "São Paulo", "CD_CONCURB": "3550308", "NM_CONCURB": "São Paulo/SP" }, "geometry": { "type": "Polygon", "coordinates": [ [ [ -46.482038199999977, -23.735618099999954 ], [ -46.483040299999971, -23.735666899999956 ], [ -46.485557799999981, -23.731442299999969 ], [ -46.486001, -23.731272399999966 ], [ -46.487179899999944, -23.728136099999972 ], [ -46.488098199999968, -23.72647749999993 ], [ -46.488432299999943, -23.726101399999948 ], [ -46.490420899999947, -23.725197299999934 ], [ -46.48971789999996, -23.724695499999939 ], [ -46.489012, -23.724824799999965 ], [ -46.489649899999961, -23.724150099999974 ], [ -46.489385599999935, -23.723574199999973 ], [ -46.489794399999937, -23.723712 ], [ -46.490381599999978, -23.722503699999947 ], [ -46.490709699999968, -23.720636599999978 ], [ -46.490078899999958, -23.720323899999983 ], [ -46.489831, -23.721256499999981 ], [ -46.489989599999944, -23.722253499999965 ], [ -46.489611399999944, -23.722573599999976 ], [ -46.489565, -23.721719 ], [ -46.488813, -23.720911 ], [ -46.488345199999969, -23.719879 ], [ -46.487006799999961, -23.719565899999964 ], [ -46.486198699999932, -23.718 ], [ -46.485305399999959, -23.717050499999971 ], [ -46.485449899999935, -23.716626899999937 ], [ -46.485347599999955, -23.715753699999937 ], [ -46.484965099999954, -23.71532 ], [ -46.484311699999978, -23.715027899999939 ], [ -46.484185199999956, -23.714558199999942 ], [ -46.484504399999935, -23.714239 ], [ -46.48471, -23.713318499999957 ], [ -46.483751, -23.711232 ], [ -46.483365, -23.711432 ], [ -46.483118, -23.711923 ], [ -46.483263, -23.714306 ], [ -46.483546, -23.715529 ], [ -46.48334, -23.716187 ], [ -46.481374, -23.71816 ], [ -46.480599899999959, -23.718481199999928 ], [ -46.478771399999971, -23.723423199999957 ], [ -46.470778099999961, -23.734475399999951 ], [ -46.470515099999943, -23.734861399999943 ], [ -46.470537, -23.735499899999979 ], [ -46.470163, -23.73551 ], [ -46.46987, -23.736642 ], [ -46.471395, -23.737975 ], [ -46.471608, -23.738664 ], [ -46.471497, -23.73905 ], [ -46.468708, -23.740188 ], [ -46.467831, -23.740823 ], [ -46.467317099999946, -23.741483599999981 ], [ -46.467370399999936, -23.741634699999963 ], [ -46.467682299999979, -23.741636099999937 ], [ -46.469491599999969, -23.741087399999969 ], [ -46.469362499999932, -23.741493399999968 ], [ -46.46804949999995, -23.74233 ], [ -46.467985599999963, -23.742961799999932 ], [ -46.467485499999952, -23.743160399999965 ], [ -46.467144099999985, -23.743540799999948 ], [ -46.467036599999972, -23.744264599999951 ], [ -46.467489, -23.744905899999935 ], [ -46.467545, -23.745732799999928 ], [ -46.468033499999933, -23.746251799999982 ], [ -46.468105, -23.746731699999941 ], [ -46.469283699999949, -23.748166599999934 ], [ -46.469434499999977, -23.749312799999927 ], [ -46.470122099999969, -23.749759399999959 ], [ -46.47110379999998, -23.747819899999968 ], [ -46.471726199999978, -23.746937499999945 ], [ -46.472549499999957, -23.746170799999959 ], [ -46.472952499999963, -23.746083399999975 ], [ -46.473125799999934, -23.746349899999927 ], [ -46.472035699999935, -23.747708399999965 ], [ -46.471759399999939, -23.748864 ], [ -46.472532299999955, -23.749832099999935 ], [ -46.475352, -23.746935299999961 ], [ -46.476203899999973, -23.745062399999938 ], [ -46.482439399999976, -23.736398699999938 ], [ -46.482038199999977, -23.735618099999954 ] ] ] } },
{ "type": "Feature", "properties": { "CD_REGIAO": "3", "NM_REGIAO": "Sudeste", "CD_UF": "35", "NM_UF": "São Paulo", "CD_MUN": "3547809", "NM_MUN": "Santo André", "CD_DIST": "354780905", "NM_DIST": "Santo André", "CD_SUBDIST": "35478090500", "NM_SUBDIST": null, "CD_BAIRRO": "3547809117", "NM_BAIRRO": "Jardim Jamaica", "CD_RGINT": "3501", "NM_RGINT": "São Paulo", "CD_RGI": "350001", "NM_RGI": "São Paulo", "CD_CONCURB": "3550308", "NM_CONCURB": "São Paulo/SP" }, "geometry": { "type": "Polygon", "coordinates": [ [ [ -46.534185799999932, -23.68415269999997 ], [ -46.534356899999977, -23.683014899999932 ], [ -46.533731499999931, -23.680469499999958 ], [ -46.533913499999983, -23.679668499999934 ], [ -46.534236399999941, -23.679103399999974 ], [ -46.534187, -23.678548 ], [ -46.533758299999931, -23.678332099999977 ], [ -46.531605099999979, -23.680847299999982 ], [ -46.529684799999984, -23.682208399999979 ], [ -46.529259, -23.682747 ], [ -46.530040399999962, -23.683537099999967 ], [ -46.532794, -23.685445 ], [ -46.534185799999932, -23.68415269999997 ] ] ] } },
{ "type": "Feature", "properties": { "CD_REGIAO": "3", "NM_REGIAO": "Sudeste", "CD_UF": "35", "NM_UF": "São Paulo", "CD_MUN": "3547809", "NM_MUN": "Santo André", "CD_DIST": "354780905", "NM_DIST": "Santo André", "CD_SUBDIST": "35478090500", "NM_SUBDIST": null, "CD_BAIRRO": "3547809008", "NM_BAIRRO": "Vila Francisco Matarazzo", "CD_RGINT": "3501", "NM_RGINT": "São Paulo", "CD_RGI": "350001", "NM_RGI": "São Paulo", "CD_CONCURB": "3550308", "NM_CONCURB": "São Paulo/SP" }, "geometry": { "type": "Polygon", "coordinates": [ [ [ -46.51589, -23.634942499999966 ], [ -46.518288, -23.634773299999949 ], [ -46.519263199999955, -23.634294299999965 ], [ -46.521022499999958, -23.634472499999958 ], [ -46.522961, -23.633155 ], [ -46.515646599999968, -23.629197899999951 ], [ -46.515381699999978, -23.629827599999942 ], [ -46.514263699999958, -23.630949399999963 ], [ -46.513727899999935, -23.633193799999958 ], [ -46.51366459999997, -23.634149599999944 ], [ -46.513777499999946, -23.63440369999995 ], [ -46.51589, -23.634942499999966 ] ] ] } },
{ "type": "Feature", "properties": { "CD_REGIAO": "3", "NM_REGIAO": "Sudeste", "CD_UF": "35", "NM_UF": "São Paulo", "CD_MUN": "3547809", "NM_MUN": "Santo André", "CD_DIST": "354780905", "NM_DIST": "Santo André", "CD_SUBDIST": "35478090500", "NM_SUBDIST": null, "CD_BAIRRO": "3547809036", "NM_BAIRRO": "Vila Príncipe de Gales", "CD_RGINT": "3501", "NM_RGINT": "São Paulo", "CD_RGI": "350001", "NM_RGI": "São Paulo", "CD_CONCURB": "3550308", "NM_CONCURB": "São Paulo/SP" }, "geometry": { "type": "Polygon", "coordinates": [ [ [ -46.547034, -23.661981 ], [ -46.546205399999963, -23.662643899999978 ], [ -46.548271799999952, -23.663770499999941 ], [ -46.5497, -23.665043 ], [ -46.550255, -23.665796599999965 ], [ -46.551540699999975, -23.666830899999979 ], [ -46.553152, -23.667417 ], [ -46.553644, -23.666363 ], [ -46.560047, -23.657364 ], [ -46.559745499999963, -23.656911099999945 ], [ -46.558827299999962, -23.658027699999934 ], [ -46.55855349999996, -23.658410499999945 ], [ -46.559017599999947, -23.658660299999951 ], [ -46.558389899999952, -23.659491699999933 ], [ -46.557402299999978, -23.659768 ], [ -46.555380799999966, -23.659948199999974 ], [ -46.554716499999984, -23.659698799999944 ], [ -46.55342, -23.658780099999944 ], [ -46.552598899999964, -23.658480899999972 ], [ -46.551666499999953, -23.658226199999945 ], [ -46.551763199999982, -23.658446799999979 ], [ -46.551035699999943, -23.658225099999981 ], [ -46.550198899999941, -23.658216099999947 ], [ -46.548425699999939, -23.660108099999945 ], [ -46.547944199999961, -23.660961699999973 ], [ -46.546785799999952, -23.661155599999972 ], [ -46.546416, -23.661878799999954 ], [ -46.547034, -23.661981 ] ] ] } },
{ "type": "Feature", "properties": { "CD_REGIAO": "3", "NM_REGIAO": "Sudeste", "CD_UF": "35", "NM_UF": "São Paulo", "CD_MUN": "3547809", "NM_MUN": "Santo André", "CD_DIST": "354780905", "NM_DIST": "Santo André", "CD_SUBDIST": "35478090500", "NM_SUBDIST": null, "CD_BAIRRO": "3547809062", "NM_BAIRRO": "Jardim do Estádio", "CD_RGINT": "3501", "NM_RGINT": "São Paulo", "CD_RGI": "350001", "NM_RGI": "São Paulo", "CD_CONCURB": "3550308", "NM_CONCURB": "São Paulo/SP" }, "geometry": { "type": "Polygon", "coordinates": [ [ [ -46.520891899999981, -23.690554099999929 ], [ -46.516414699999984, -23.689559899999949 ], [ -46.515925699999968, -23.689151899999956 ], [ -46.515124, -23.688087 ], [ -46.515154, -23.687668799999983 ], [ -46.513519099999939, -23.688967599999955 ], [ -46.512166, -23.68743 ], [ -46.51185449999997, -23.687612799999954 ], [ -46.511547, -23.689033 ], [ -46.512898, -23.69078049999996 ], [ -46.511923, -23.692132 ], [ -46.511462, -23.692241 ], [ -46.509875299999976, -23.69355429999996 ], [ -46.510278399999947, -23.693673199999978 ], [ -46.510229299999935, -23.693828499999938 ], [ -46.511961199999973, -23.694877599999927 ], [ -46.513598099999967, -23.695707399999947 ], [ -46.514845899999955, -23.697306 ], [ -46.515739, -23.699105 ], [ -46.51657119999993, -23.699837399999979 ], [ -46.516916099999946, -23.699905299999955 ], [ -46.518812799999978, -23.701077699999928 ], [ -46.519004799999948, -23.702864 ], [ -46.51877, -23.7037 ], [ -46.51931, -23.703658 ], [ -46.520042, -23.700711 ], [ -46.519444399999941, -23.700774 ], [ -46.519304, -23.697662299999934 ], [ -46.52000849999996, -23.695016099999975 ], [ -46.521291, -23.692309 ], [ -46.521806399999946, -23.690592699999968 ], [ -46.520891899999981, -23.690554099999929 ] ] ] } },
{ "type": "Feature", "properties": { "CD_REGIAO": "3", "NM_REGIAO": "Sudeste", "CD_UF": "35", "NM_UF": "São Paulo", "CD_MUN": "3547809", "NM_MUN": "Santo André", "CD_DIST": "354780905", "NM_DIST": "Santo André", "CD_SUBDIST": "35478090500", "NM_SUBDIST": null, "CD_BAIRRO": "3547809056", "NM_BAIRRO": "Vila Guaraciaba", "CD_RGINT": "3501", "NM_RGINT": "São Paulo", "CD_RGI": "350001", "NM_RGI": "São Paulo", "CD_CONCURB": "3550308", "NM_CONCURB": "São Paulo/SP" }, "geometry": { "type": "Polygon", "coordinates": [ [ [ -46.494663499999945, -23.689032299999951 ], [ -46.497543, -23.689495099999931 ], [ -46.49767, -23.690905 ], [ -46.498908799999981, -23.690150399999936 ], [ -46.499030199999936, -23.689785099999938 ], [ -46.499277099999972, -23.685075899999958 ], [ -46.49585639999998, -23.682408399999929 ], [ -46.495802499999968, -23.682560299999977 ], [ -46.49297619999993, -23.682915299999934 ], [ -46.49208509999994, -23.68221 ], [ -46.491745199999968, -23.682187499999941 ], [ -46.48529579999996, -23.685222599999975 ], [ -46.485923899999932, -23.687550099999953 ], [ -46.486937, -23.688802 ], [ -46.488650099999973, -23.689934099999959 ], [ -46.489353799999947, -23.689252 ], [ -46.489728799999966, -23.689241199999969 ], [ -46.489430099999936, -23.690011099999936 ], [ -46.490096299999948, -23.690217099999927 ], [ -46.491467799999953, -23.68969119999997 ], [ -46.491350099999977, -23.690025699999978 ], [ -46.49196429999995, -23.690359099999966 ], [ -46.491905899999949, -23.690520099999958 ], [ -46.492440099999953, -23.690713899999935 ], [ -46.492833799999971, -23.689546499999949 ], [ -46.493126899999936, -23.689793499999951 ], [ -46.49399, -23.689977899999974 ], [ -46.493800399999941, -23.691229 ], [ -46.493977, -23.691665 ], [ -46.494794499999955, -23.689853699999958 ], [ -46.494663499999945, -23.689032299999951 ] ] ] } },
{ "type": "Feature", "properties": { "CD_REGIAO": "3", "NM_REGIAO": "Sudeste", "CD_UF": "35", "NM_UF": "São Paulo", "CD_MUN": "3547809", "NM_MUN": "Santo André", "CD_DIST": "354780905", "NM_DIST": "Santo André", "CD_SUBDIST": "35478090500", "NM_SUBDIST": null, "CD_BAIRRO": "3547809120", "NM_BAIRRO": "Jardim Vila Rica", "CD_RGINT": "3501", "NM_RGINT": "São Paulo", "CD_RGI": "350001", "NM_RGI": "São Paulo", "CD_CONCURB": "3550308", "NM_CONCURB": "São Paulo/SP" }, "geometry": { "type": "Polygon", "coordinates": [ [ [ -46.503918099999964, -23.71429379999995 ], [ -46.504281599999956, -23.714046099999962 ], [ -46.504230799999959, -23.713523699999939 ], [ -46.504787499999964, -23.712592399999949 ], [ -46.501448299999936, -23.709703299999944 ], [ -46.500379699999939, -23.711846199999968 ], [ -46.500472699999932, -23.712756599999977 ], [ -46.500317299999949, -23.713278899999978 ], [ -46.501982299999952, -23.714100299999927 ], [ -46.503405799999939, -23.715736399999969 ], [ -46.505326199999956, -23.71628039999996 ], [ -46.504852899999946, -23.714665199999956 ], [ -46.504358, -23.715075699999943 ], [ -46.503918099999964, -23.71429379999995 ] ] ] } },
{ "type": "Feature", "properties": { "CD_REGIAO": "3", "NM_REGIAO": "Sudeste", "CD_UF": "35", "NM_UF": "São Paulo", "CD_MUN": "3547809", "NM_MUN": "Santo André", "CD_DIST": "354780905", "NM_DIST": "Santo André", "CD_SUBDIST": "35478090500", "NM_SUBDIST": null, "CD_BAIRRO": "3547809080", "NM_BAIRRO": "Parque Represa Billings II", "CD_RGINT": "3501", "NM_RGINT": "São Paulo", "CD_RGI": "350001", "NM_RGI": "São Paulo", "CD_CONCURB": "3550308", "NM_CONCURB": "São Paulo/SP" }, "geometry": { "type": "Polygon", "coordinates": [ [ [ -46.458442, -23.760273 ], [ -46.459534699999949, -23.76105229999996 ], [ -46.461196, -23.758876 ], [ -46.462373, -23.758635 ], [ -46.463512, -23.758638 ], [ -46.465699599999937, -23.759196399999951 ], [ -46.466849199999956, -23.758069299999931 ], [ -46.465707299999963, -23.758316499999978 ], [ -46.464774199999965, -23.758328499999948 ], [ -46.462712099999976, -23.758075899999938 ], [ -46.463373799999943, -23.757394699999963 ], [ -46.463982299999941, -23.757300599999951 ], [ -46.464819499999976, -23.757330699999955 ], [ -46.465528899999981, -23.757778499999972 ], [ -46.465900899999951, -23.757765499999948 ], [ -46.467151399999977, -23.756361599999934 ], [ -46.466973799999948, -23.755466599999977 ], [ -46.466484899999955, -23.755130299999962 ], [ -46.465142499999956, -23.754782699999964 ], [ -46.465251199999955, -23.754521799999964 ], [ -46.46556529999998, -23.754351099999951 ], [ -46.46685489999993, -23.754327799999942 ], [ -46.466778499999975, -23.753728499999966 ], [ -46.466534299999978, -23.753305099999977 ], [ -46.465752099999975, -23.752561 ], [ -46.458442, -23.760273 ] ] ] } },
{ "type": "Feature", "properties": { "CD_REGIAO": "3", "NM_REGIAO": "Sudeste", "CD_UF": "35", "NM_UF": "São Paulo", "CD_MUN": "3547809", "NM_MUN": "Santo André", "CD_DIST": "354780905", "NM_DIST": "Santo André", "CD_SUBDIST": "35478090500", "NM_SUBDIST": null, "CD_BAIRRO": "3547809024", "NM_BAIRRO": "Centro", "CD_RGINT": "3501", "NM_RGINT": "São Paulo", "CD_RGI": "350001", "NM_RGI": "São Paulo", "CD_CONCURB": "3550308", "NM_CONCURB": "São Paulo/SP" }, "geometry": { "type": "Polygon", "coordinates": [ [ [ -46.522104399999932, -23.666093499999931 ], [ -46.523548299999959, -23.664936099999977 ], [ -46.524421, -23.663962 ], [ -46.525991199999964, -23.662611199999958 ], [ -46.525900199999967, -23.662533599999961 ], [ -46.528390299999955, -23.660568199999943 ], [ -46.534008699999958, -23.657857899999954 ], [ -46.534514, -23.657528 ], [ -46.535228, -23.65647 ], [ -46.53207569999995, -23.655393199999935 ], [ -46.532145799999967, -23.655267599999945 ], [ -46.53140419999994, -23.654919499999949 ], [ -46.531185499999935, -23.654646699999944 ], [ -46.531659, -23.653828 ], [ -46.529688, -23.652834 ], [ -46.52988, -23.652489099999968 ], [ -46.528443099999947, -23.651776899999959 ], [ -46.52782069999995, -23.652652699999976 ], [ -46.52635, -23.653829 ], [ -46.521127199999967, -23.656062799999972 ], [ -46.521409, -23.65649 ], [ -46.521094, -23.658002 ], [ -46.521991, -23.658409 ], [ -46.522457, -23.658956 ], [ -46.522668, -23.659382 ], [ -46.522621, -23.660572 ], [ -46.522074, -23.66258 ], [ -46.521679, -23.663398 ], [ -46.520925, -23.663978 ], [ -46.520108, -23.664153 ], [ -46.519541, -23.664058 ], [ -46.519037099999935, -23.665962499999978 ], [ -46.520319699999959, -23.666378 ], [ -46.521576, -23.666999 ], [ -46.522104399999932, -23.666093499999931 ] ] ] } },
{ "type": "Feature", "properties": { "CD_REGIAO": "3", "NM_REGIAO": "Sudeste", "CD_UF": "35", "NM_UF": "São Paulo", "CD_MUN": "3547809", "NM_MUN": "Santo André", "CD_DIST": "354780905", "NM_DIST": "Santo André", "CD_SUBDIST": "35478090500", "NM_SUBDIST": null, "CD_BAIRRO": "3547809121", "NM_BAIRRO": "Novo Homero Thon", "CD_RGINT": "3501", "NM_RGINT": "São Paulo", "CD_RGI": "350001", "NM_RGI": "São Paulo", "CD_CONCURB": "3550308", "NM_CONCURB": "São Paulo/SP" }, "geometry": { "type": "Polygon", "coordinates": [ [ [ -46.499014, -23.666646 ], [ -46.504243299999985, -23.663376199999959 ], [ -46.507786799999963, -23.66449979999993 ], [ -46.509491, -23.664222 ], [ -46.512203099999965, -23.663030599999956 ], [ -46.513262, -23.663536 ], [ -46.514497, -23.664477 ], [ -46.514747, -23.662535 ], [ -46.51577, -23.662604 ], [ -46.517219, -23.660285 ], [ -46.519415, -23.658021 ], [ -46.521409, -23.65649 ], [ -46.521127199999967, -23.656062799999972 ], [ -46.518949, -23.656855 ], [ -46.50164, -23.660898 ], [ -46.49941, -23.660889 ], [ -46.497257, -23.660397 ], [ -46.497241, -23.661063 ], [ -46.493313, -23.659958 ], [ -46.492587, -23.660254 ], [ -46.492574, -23.660955 ], [ -46.490284, -23.661588 ], [ -46.489703, -23.662055 ], [ -46.489307699999983, -23.663895299999979 ], [ -46.4902, -23.663793899999973 ], [ -46.490170499999977, -23.664561099999958 ], [ -46.491909199999952, -23.66490239999996 ], [ -46.493999499999973, -23.66581229999997 ], [ -46.494747199999949, -23.665954299999953 ], [ -46.496061499999939, -23.665850899999953 ], [ -46.497429699999941, -23.665973 ], [ -46.497129, -23.668222 ], [ -46.499014, -23.666646 ] ] ] } },
{ "type": "Feature", "properties": { "CD_REGIAO": "3", "NM_REGIAO": "Sudeste", "CD_UF": "35", "NM_UF": "São Paulo", "CD_MUN": "3547809", "NM_MUN": "Santo André", "CD_DIST": "354780905", "NM_DIST": "Santo André", "CD_SUBDIST": "35478090500", "NM_SUBDIST": null, "CD_BAIRRO": "3547809042", "NM_BAIRRO": "Vila Humaitá", "CD_RGINT": "3501", "NM_RGINT": "São Paulo", "CD_RGI": "350001", "NM_RGI": "São Paulo", "CD_CONCURB": "3550308", "NM_CONCURB": "São Paulo/SP" }, "geometry": { "type": "Polygon", "coordinates": [ [ [ -46.504632599999979, -23.671360899999968 ], [ -46.503179, -23.669429 ], [ -46.502672, -23.669825 ], [ -46.501638599999978, -23.669993599999941 ], [ -46.49906249999998, -23.676670399999978 ], [ -46.501691599999958, -23.676434399999948 ], [ -46.50110959999995, -23.677404799999977 ], [ -46.50180869999997, -23.677430899999933 ], [ -46.501982099999964, -23.676906299999928 ], [ -46.502326599999947, -23.677165699999932 ], [ -46.503400799999952, -23.677351099999953 ], [ -46.505429, -23.679651199999967 ], [ -46.507389699999976, -23.673798099999942 ], [ -46.50693519999993, -23.673116 ], [ -46.507462099999941, -23.672257499999944 ], [ -46.505879499999935, -23.67157119999996 ], [ -46.505154699999935, -23.671078499999965 ], [ -46.505029899999954, -23.671277099999941 ], [ -46.504632599999979, -23.671360899999968 ] ] ] } },
{ "type": "Feature", "properties": { "CD_REGIAO": "3", "NM_REGIAO": "Sudeste", "CD_UF": "35", "NM_UF": "São Paulo", "CD_MUN": "3547809", "NM_MUN": "Santo André", "CD_DIST": "354780905", "NM_DIST": "Santo André", "CD_SUBDIST": "35478090500", "NM_SUBDIST": null, "CD_BAIRRO": "3547809055", "NM_BAIRRO": "Jardim Ipanema", "CD_RGINT": "3501", "NM_RGINT": "São Paulo", "CD_RGI": "350001", "NM_RGI": "São Paulo", "CD_CONCURB": "3550308", "NM_CONCURB": "São Paulo/SP" }, "geometry": { "type": "Polygon", "coordinates": [ [ [ -46.499359299999981, -23.683425 ], [ -46.498908799999981, -23.690150399999936 ], [ -46.497869499999979, -23.690696099999968 ], [ -46.49767, -23.690905 ], [ -46.497664399999962, -23.691421799999944 ], [ -46.498240199999941, -23.691335599999945 ], [ -46.498236499999962, -23.690942799999959 ], [ -46.498077299999977, -23.690937 ], [ -46.498296499999981, -23.69077029999994 ], [ -46.501718099999948, -23.691513699999973 ], [ -46.501639499999953, -23.69185669999996 ], [ -46.502591099999961, -23.69203159999995 ], [ -46.502741, -23.691469 ], [ -46.502608899999984, -23.690182499999935 ], [ -46.502797, -23.690129 ], [ -46.503218499999946, -23.688274199999967 ], [ -46.502676299999962, -23.687979399999961 ], [ -46.502825, -23.687752299999943 ], [ -46.503744, -23.687609 ], [ -46.506354, -23.688034 ], [ -46.506501199999946, -23.687120099999959 ], [ -46.506967799999984, -23.687174199999959 ], [ -46.50548989999993, -23.682735799999932 ], [ -46.505267, -23.68090559999996 ], [ -46.504732399999966, -23.681105 ], [ -46.502934799999935, -23.683766699999978 ], [ -46.501901799999985, -23.683589899999959 ], [ -46.50196829999993, -23.683204599999954 ], [ -46.499702299999967, -23.682835099999977 ], [ -46.499359299999981, -23.683425 ] ] ] } },
{ "type": "Feature", "properties": { "CD_REGIAO": "3", "NM_REGIAO": "Sudeste", "CD_UF": "35", "NM_UF": "São Paulo", "CD_MUN": "3547809", "NM_MUN": "Santo André", "CD_DIST": "354780905", "NM_DIST": "Santo André", "CD_SUBDIST": "35478090500", "NM_SUBDIST": null, "CD_BAIRRO": "3547809038", "NM_BAIRRO": "Vila Floresta", "CD_RGINT": "3501", "NM_RGINT": "São Paulo", "CD_RGI": "350001", "NM_RGI": "São Paulo", "CD_CONCURB": "3550308", "NM_CONCURB": "São Paulo/SP" }, "geometry": { "type": "Polygon", "coordinates": [ [ [ -46.53989, -23.67154 ], [ -46.542548599999975, -23.675108499999965 ], [ -46.544346899999937, -23.675274 ], [ -46.544572099999982, -23.674284599999964 ], [ -46.545623, -23.673557 ], [ -46.546969, -23.673328 ], [ -46.547441, -23.673546 ], [ -46.547548499999948, -23.67560949999995 ], [ -46.547892, -23.676387 ], [ -46.551309, -23.675635 ], [ -46.551562, -23.674494 ], [ -46.551819, -23.674216 ], [ -46.551945199999977, -23.673620099999937 ], [ -46.551873, -23.672464 ], [ -46.552226399999938, -23.672255 ], [ -46.552363499999956, -23.671696 ], [ -46.552328, -23.670783 ], [ -46.551798, -23.671321 ], [ -46.548629, -23.67217 ], [ -46.546526, -23.670935399999962 ], [ -46.546592799999985, -23.670784399999945 ], [ -46.544591299999979, -23.670141499999943 ], [ -46.544006, -23.669480299999975 ], [ -46.543527299999937, -23.667765699999961 ], [ -46.543090399999983, -23.667840699999942 ], [ -46.543134, -23.668066499999952 ], [ -46.542442, -23.66845 ], [ -46.541572699999961, -23.66762 ], [ -46.54035209999995, -23.666935599999931 ], [ -46.538966199999948, -23.669299199999955 ], [ -46.539472699999976, -23.669640399999935 ], [ -46.539708099999984, -23.669555199999934 ], [ -46.539430699999969, -23.67044489999995 ], [ -46.539805, -23.670756099999949 ], [ -46.53989, -23.67154 ] ] ] } },
{ "type": "Feature", "properties": { "CD_REGIAO": "3", "NM_REGIAO": "Sudeste", "CD_UF": "35", "NM_UF": "São Paulo", "CD_MUN": "3547809", "NM_MUN": "Santo André", "CD_DIST": "354780905", "NM_DIST": "Santo André", "CD_SUBDIST": "35478090500", "NM_SUBDIST": null, "CD_BAIRRO": "3547809050", "NM_BAIRRO": "Jardim Bom Pastor", "CD_RGINT": "3501", "NM_RGINT": "São Paulo", "CD_RGI": "350001", "NM_RGI": "São Paulo", "CD_CONCURB": "3550308", "NM_CONCURB": "São Paulo/SP" }, "geometry": { "type": "Polygon", "coordinates": [ [ [ -46.551969, -23.684179 ], [ -46.553161, -23.683696 ], [ -46.553874, -23.6829 ], [ -46.554551, -23.680934 ], [ -46.554658, -23.680174 ], [ -46.554588699999954, -23.67923049999996 ], [ -46.553559199999938, -23.678280199999961 ], [ -46.553261, -23.67713 ], [ -46.553222, -23.674461 ], [ -46.553821, -23.673015 ], [ -46.554011, -23.671816 ], [ -46.553821, -23.670824 ], [ -46.553153, -23.669275 ], [ -46.552514, -23.670007 ], [ -46.552328, -23.670783 ], [ -46.552363499999956, -23.671696 ], [ -46.552226399999938, -23.672255 ], [ -46.551873, -23.672464 ], [ -46.551945199999977, -23.673620099999937 ], [ -46.551819, -23.674216 ], [ -46.551562, -23.674494 ], [ -46.551309, -23.675635 ], [ -46.547892, -23.676387 ], [ -46.548334, -23.677486 ], [ -46.548646, -23.679433 ], [ -46.54935729999994, -23.681122199999947 ], [ -46.547403899999949, -23.681961899999976 ], [ -46.545126899999957, -23.682631499999957 ], [ -46.544878799999935, -23.682900199999949 ], [ -46.54624089999993, -23.683541099999957 ], [ -46.547041499999978, -23.684289599999943 ], [ -46.54783, -23.684489 ], [ -46.549842, -23.684744 ], [ -46.551969, -23.684179 ] ] ] } },
{ "type": "Feature", "properties": { "CD_REGIAO": "3", "NM_REGIAO": "Sudeste", "CD_UF": "35", "NM_UF": "São Paulo", "CD_MUN": "3547809", "NM_MUN": "Santo André", "CD_DIST": "354780905", "NM_DIST": "Santo André", "CD_SUBDIST": "35478090500", "NM_SUBDIST": null, "CD_BAIRRO": "3547809010", "NM_BAIRRO": "Parque das Nações", "CD_RGINT": "3501", "NM_RGINT": "São Paulo", "CD_RGI": "350001", "NM_RGI": "São Paulo", "CD_CONCURB": "3550308", "NM_CONCURB": "São Paulo/SP" }, "geometry": { "type": "Polygon", "coordinates": [ [ [ -46.520460299999968, -23.641269799999975 ], [ -46.528918, -23.638831 ], [ -46.528736199999969, -23.638039799999945 ], [ -46.529518, -23.637182 ], [ -46.529855099999963, -23.632857299999955 ], [ -46.529757699999948, -23.632132199999944 ], [ -46.529169, -23.630962499999953 ], [ -46.527786899999967, -23.631244 ], [ -46.523749, -23.632583 ], [ -46.521022499999958, -23.634472499999958 ], [ -46.519263199999955, -23.634294299999965 ], [ -46.518288, -23.634773299999949 ], [ -46.51589, -23.634942499999966 ], [ -46.512914299999977, -23.634205599999973 ], [ -46.512438699999961, -23.633920899999964 ], [ -46.512793199999976, -23.634407199999941 ], [ -46.512916099999984, -23.635126899999932 ], [ -46.513483, -23.635531799999967 ], [ -46.513181299999985, -23.635675599999956 ], [ -46.512959499999965, -23.636397099999954 ], [ -46.512149099999931, -23.637068699999929 ], [ -46.511394799999948, -23.636739199999965 ], [ -46.510010899999941, -23.638062799999943 ], [ -46.510346299999981, -23.638553799999954 ], [ -46.510516799999948, -23.638396399999976 ], [ -46.512373, -23.641018299999928 ], [ -46.513005799999974, -23.64070849999996 ], [ -46.514515699999947, -23.64080759999996 ], [ -46.515438599999982, -23.640615399999945 ], [ -46.518934099999967, -23.641597099999956 ], [ -46.519340899999975, -23.641588799999965 ], [ -46.519977, -23.641534 ], [ -46.520460299999968, -23.641269799999975 ] ] ] } },
{ "type": "Feature", "properties": { "CD_REGIAO": "3", "NM_REGIAO": "Sudeste", "CD_UF": "35", "NM_UF": "São Paulo", "CD_MUN": "3547809", "NM_MUN": "Santo André", "CD_DIST": "354780905", "NM_DIST": "Santo André", "CD_SUBDIST": "35478090500", "NM_SUBDIST": null, "CD_BAIRRO": "3547809039", "NM_BAIRRO": "Vila Gilda", "CD_RGINT": "3501", "NM_RGINT": "São Paulo", "CD_RGI": "350001", "NM_RGI": "São Paulo", "CD_CONCURB": "3550308", "NM_CONCURB": "São Paulo/SP" }, "geometry": { "type": "Polygon", "coordinates": [ [ [ -46.536993299999949, -23.67683489999996 ], [ -46.539503, -23.674771499999963 ], [ -46.540021, -23.6741 ], [ -46.541739, -23.674127 ], [ -46.539997, -23.671742 ], [ -46.539650799999947, -23.670552099999952 ], [ -46.535861, -23.667885 ], [ -46.53473589999993, -23.667342399999939 ], [ -46.532088399999964, -23.666617699999961 ], [ -46.532478599999934, -23.667947199999958 ], [ -46.532716799999946, -23.668279699999971 ], [ -46.535204699999952, -23.670423199999959 ], [ -46.536321599999951, -23.671957499999962 ], [ -46.536653699999931, -23.673144099999945 ], [ -46.536451299999953, -23.675344099999961 ], [ -46.536993299999949, -23.67683489999996 ] ] ] } },
{ "type": "Feature", "properties": { "CD_REGIAO": "3", "NM_REGIAO": "Sudeste", "CD_UF": "35", "NM_UF": "São Paulo", "CD_MUN": "3547809", "NM_MUN": "Santo André", "CD_DIST": "354780905", "NM_DIST": "Santo André", "CD_SUBDIST": "35478090500", "NM_SUBDIST": null, "CD_BAIRRO": "3547809052", "NM_BAIRRO": "Jardim Cristiane", "CD_RGINT": "3501", "NM_RGINT": "São Paulo", "CD_RGI": "350001", "NM_RGI": "São Paulo", "CD_CONCURB": "3550308", "NM_CONCURB": "São Paulo/SP" }, "geometry": { "type": "Polygon", "coordinates": [ [ [ -46.525901199999964, -23.685236799999927 ], [ -46.526130699999953, -23.686553499999945 ], [ -46.525525099999982, -23.686968099999945 ], [ -46.525998, -23.690631 ], [ -46.526351199999965, -23.690903499999934 ], [ -46.525915699999985, -23.691832899999952 ], [ -46.526988, -23.692295599999966 ], [ -46.529702499999985, -23.692294 ], [ -46.531609399999979, -23.690701899999965 ], [ -46.533456, -23.688786 ], [ -46.533945, -23.688503 ], [ -46.534548599999937, -23.688485599999979 ], [ -46.53601569999995, -23.689010899999971 ], [ -46.536754499999972, -23.689109099999939 ], [ -46.538851499999964, -23.68881209999995 ], [ -46.539281, -23.688582 ], [ -46.539136799999937, -23.688389899999947 ], [ -46.537998, -23.688335 ], [ -46.536284299999977, -23.687835599999971 ], [ -46.530040399999962, -23.683537099999967 ], [ -46.529259, -23.682747 ], [ -46.528632, -23.683175 ], [ -46.527738, -23.683057 ], [ -46.527361, -23.682833 ], [ -46.526209, -23.683548 ], [ -46.525743899999952, -23.683647199999939 ], [ -46.525952899999936, -23.683920799999953 ], [ -46.525413199999946, -23.684136699999954 ], [ -46.525592199999949, -23.685340699999983 ], [ -46.525901199999964, -23.685236799999927 ] ] ] } },
{ "type": "Feature", "properties": { "CD_REGIAO": "3", "NM_REGIAO": "Sudeste", "CD_UF": "35", "NM_UF": "São Paulo", "CD_MUN": "3547809", "NM_MUN": "Santo André", "CD_DIST": "354780905", "NM_DIST": "Santo André", "CD_SUBDIST": "35478090500", "NM_SUBDIST": null, "CD_BAIRRO": "3547809018", "NM_BAIRRO": "Jardim", "CD_RGINT": "3501", "NM_RGINT": "São Paulo", "CD_RGI": "350001", "NM_RGI": "São Paulo", "CD_CONCURB": "3550308", "NM_CONCURB": "São Paulo/SP" }, "geometry": { "type": "Polygon", "coordinates": [ [ [ -46.538054, -23.654009 ], [ -46.538307299999985, -23.65401 ], [ -46.538706899999966, -23.652821199999948 ], [ -46.540552099999957, -23.649814499999934 ], [ -46.543301699999972, -23.651196499999969 ], [ -46.545150399999955, -23.65084719999993 ], [ -46.546113699999978, -23.649307199999953 ], [ -46.545578, -23.648142 ], [ -46.545919399999946, -23.64797139999996 ], [ -46.540339, -23.643785299999934 ], [ -46.539443199999937, -23.643282699999929 ], [ -46.538725499999941, -23.641952299999957 ], [ -46.538774, -23.640616 ], [ -46.538637, -23.640160099999946 ], [ -46.538235199999974, -23.639768699999934 ], [ -46.536385799999948, -23.638828799999942 ], [ -46.528443099999947, -23.651776899999959 ], [ -46.52988, -23.652489099999968 ], [ -46.529688, -23.652834 ], [ -46.531659, -23.653828 ], [ -46.531185499999935, -23.654646699999944 ], [ -46.53140419999994, -23.654919499999949 ], [ -46.532145799999967, -23.655267599999945 ], [ -46.53207569999995, -23.655393199999935 ], [ -46.535023, -23.656388 ], [ -46.536890799999981, -23.657200399999965 ], [ -46.538054, -23.654009 ] ] ] } },
{ "type": "Feature", "properties": { "CD_REGIAO": "3", "NM_REGIAO": "Sudeste", "CD_UF": "35", "NM_UF": "São Paulo", "CD_MUN": "3547809", "NM_MUN": "Santo André", "CD_DIST": "354780905", "NM_DIST": "Santo André", "CD_SUBDIST": "35478090500", "NM_SUBDIST": null, "CD_BAIRRO": "3547809027", "NM_BAIRRO": "Parque Marajoara", "CD_RGINT": "3501", "NM_RGINT": "São Paulo", "CD_RGI": "350001", "NM_RGI": "São Paulo", "CD_CONCURB": "3550308", "NM_CONCURB": "São Paulo/SP" }, "geometry": { "type": "Polygon", "coordinates": [ [ [ -46.490494, -23.674021 ], [ -46.491366, -23.672957 ], [ -46.491896399999973, -23.672015 ], [ -46.493447499999945, -23.670771 ], [ -46.493813199999977, -23.67061039999993 ], [ -46.496312199999977, -23.671002 ], [ -46.49674779999998, -23.669943799999942 ], [ -46.497429699999941, -23.665973 ], [ -46.496061499999939, -23.665850899999953 ], [ -46.494747199999949, -23.665954299999953 ], [ -46.493999499999973, -23.66581229999997 ], [ -46.491909199999952, -23.66490239999996 ], [ -46.490170499999977, -23.664561099999958 ], [ -46.4902, -23.663793899999973 ], [ -46.489307699999983, -23.663895299999979 ], [ -46.488889, -23.664446 ], [ -46.488357, -23.66446 ], [ -46.486763, -23.665316 ], [ -46.485429, -23.667586 ], [ -46.485106, -23.669458 ], [ -46.484245, -23.670162 ], [ -46.483617, -23.670154 ], [ -46.482989, -23.670442 ], [ -46.482271, -23.671129 ], [ -46.490503499999932, -23.670564499999955 ], [ -46.488702399999966, -23.671889 ], [ -46.490494, -23.674021 ] ] ] } },
{ "type": "Feature", "properties": { "CD_REGIAO": "3", "NM_REGIAO": "Sudeste", "CD_UF": "35", "NM_UF": "São Paulo", "CD_MUN": "3547809", "NM_MUN": "Santo André", "CD_DIST": "354780905", "NM_DIST": "Santo André", "CD_SUBDIST": "35478090500", "NM_SUBDIST": null, "CD_BAIRRO": "3547809500", "NM_BAIRRO": "Silveira", "CD_RGINT": "3501", "NM_RGINT": "São Paulo", "CD_RGI": "350001", "NM_RGI": "São Paulo", "CD_CONCURB": "3550308", "NM_CONCURB": "São Paulo/SP" }, "geometry": { "type": "Polygon", "coordinates": [ [ [ -46.513836399999946, -23.664402199999927 ], [ -46.512829099999976, -23.664323899999943 ], [ -46.511429299999975, -23.664475799999934 ], [ -46.511793799999964, -23.665803 ], [ -46.511891399999968, -23.666879899999969 ], [ -46.510977499999967, -23.669153299999948 ], [ -46.513814199999956, -23.670269 ], [ -46.513788, -23.670487 ], [ -46.515968, -23.670952 ], [ -46.516872799999931, -23.670868699999971 ], [ -46.516862799999956, -23.667057499999942 ], [ -46.517204499999934, -23.665441299999941 ], [ -46.513836399999946, -23.664402199999927 ] ] ] } },
{ "type": "Feature", "properties": { "CD_REGIAO": "3", "NM_REGIAO": "Sudeste", "CD_UF": "35", "NM_UF": "São Paulo", "CD_MUN": "3547809", "NM_MUN": "Santo André", "CD_DIST": "354780905", "NM_DIST": "Santo André", "CD_SUBDIST": "35478090500", "NM_SUBDIST": null, "CD_BAIRRO": "3547809061", "NM_BAIRRO": "Jardim Santa Cristina", "CD_RGINT": "3501", "NM_RGINT": "São Paulo", "CD_RGI": "350001", "NM_RGI": "São Paulo", "CD_CONCURB": "3550308", "NM_CONCURB": "São Paulo/SP" }, "geometry": { "type": "Polygon", "coordinates": [ [ [ -46.510883099999944, -23.699633199999937 ], [ -46.51029879999993, -23.699141899999972 ], [ -46.509792299999958, -23.69967749999995 ], [ -46.509864799999946, -23.699919099999931 ], [ -46.510037, -23.699941399999943 ], [ -46.509808599999985, -23.700306 ], [ -46.515102699999943, -23.703132399999959 ], [ -46.518329, -23.704237 ], [ -46.51872, -23.703847 ], [ -46.519004799999948, -23.702864 ], [ -46.518812799999978, -23.701077699999928 ], [ -46.516916099999946, -23.699905299999955 ], [ -46.51657119999993, -23.699837399999979 ], [ -46.515911899999935, -23.699277599999959 ], [ -46.515548, -23.698878 ], [ -46.514845899999955, -23.697306 ], [ -46.514431499999944, -23.69674189999995 ], [ -46.513208299999974, -23.698797199999944 ], [ -46.512781799999971, -23.698528099999976 ], [ -46.511800099999959, -23.698710099999971 ], [ -46.510883099999944, -23.699633199999937 ] ] ] } },
{ "type": "Feature", "properties": { "CD_REGIAO": "3", "NM_REGIAO": "Sudeste", "CD_UF": "35", "NM_UF": "São Paulo", "CD_MUN": "3547809", "NM_MUN": "Santo André", "CD_DIST": "354780905", "NM_DIST": "Santo André", "CD_SUBDIST": "35478090500", "NM_SUBDIST": null, "CD_BAIRRO": "3547809049", "NM_BAIRRO": "Vila Scarpelli", "CD_RGINT": "3501", "NM_RGINT": "São Paulo", "CD_RGI": "350001", "NM_RGI": "São Paulo", "CD_CONCURB": "3550308", "NM_CONCURB": "São Paulo/SP" }, "geometry": { "type": "Polygon", "coordinates": [ [ [ -46.546326, -23.682342 ], [ -46.54935729999994, -23.681122199999947 ], [ -46.548646, -23.679433 ], [ -46.548478, -23.67807 ], [ -46.548091, -23.676666 ], [ -46.547753, -23.67626 ], [ -46.547548499999948, -23.67560949999995 ], [ -46.547441, -23.673546 ], [ -46.546969, -23.673328 ], [ -46.545623, -23.673557 ], [ -46.544572099999982, -23.674284599999964 ], [ -46.544346899999937, -23.675274 ], [ -46.542548599999975, -23.675108499999965 ], [ -46.543770599999959, -23.67691949999994 ], [ -46.539116899999954, -23.67963409999993 ], [ -46.543147, -23.682225 ], [ -46.544256899999937, -23.682747099999972 ], [ -46.544878799999935, -23.682900199999949 ], [ -46.545126899999957, -23.682631499999957 ], [ -46.546326, -23.682342 ] ] ] } },
{ "type": "Feature", "properties": { "CD_REGIAO": "3", "NM_REGIAO": "Sudeste", "CD_UF": "35", "NM_UF": "São Paulo", "CD_MUN": "3547809", "NM_MUN": "Santo André", "CD_DIST": "354780905", "NM_DIST": "Santo André", "CD_SUBDIST": "35478090500", "NM_SUBDIST": null, "CD_BAIRRO": "3547809032", "NM_BAIRRO": "Vila Assunção", "CD_RGINT": "3501", "NM_RGINT": "São Paulo", "CD_RGI": "350001", "NM_RGI": "São Paulo", "CD_CONCURB": "3550308", "NM_CONCURB": "São Paulo/SP" }, "geometry": { "type": "Polygon", "coordinates": [ [ [ -46.522841, -23.672283 ], [ -46.522302499999967, -23.672354 ], [ -46.522458799999981, -23.673646 ], [ -46.523487799999941, -23.676902599999949 ], [ -46.52521969999998, -23.676558099999966 ], [ -46.526532, -23.678054499999973 ], [ -46.527094799999986, -23.679596799999956 ], [ -46.527485799999965, -23.68147369999997 ], [ -46.527361, -23.682833 ], [ -46.527738, -23.683057 ], [ -46.528742, -23.683143 ], [ -46.529684799999984, -23.682208399999979 ], [ -46.530944599999941, -23.681354899999974 ], [ -46.526476799999955, -23.675628399999937 ], [ -46.530425499999978, -23.671928399999956 ], [ -46.530765499999973, -23.672056 ], [ -46.530671199999972, -23.671838699999967 ], [ -46.531173, -23.671709899999939 ], [ -46.532368199999951, -23.668895599999928 ], [ -46.532781599999964, -23.66852629999994 ], [ -46.532088399999964, -23.666617699999961 ], [ -46.531914099999938, -23.666545599999949 ], [ -46.531447, -23.664211099999932 ], [ -46.530032, -23.662093 ], [ -46.529521, -23.65994 ], [ -46.528390299999955, -23.660568199999943 ], [ -46.52682, -23.661914 ], [ -46.526739, -23.661825 ], [ -46.523548299999959, -23.664936099999977 ], [ -46.522104399999932, -23.666093499999931 ], [ -46.520767, -23.668252 ], [ -46.520312099999956, -23.669144599999981 ], [ -46.521844, -23.669912 ], [ -46.52241, -23.669879 ], [ -46.522841, -23.672283 ] ] ] } },
{ "type": "Feature", "properties": { "CD_REGIAO": "3", "NM_REGIAO": "Sudeste", "CD_UF": "35", "NM_UF": "São Paulo", "CD_MUN": "3547809", "NM_MUN": "Santo André", "CD_DIST": "354780905", "NM_DIST": "Santo André", "CD_SUBDIST": "35478090500", "NM_SUBDIST": null, "CD_BAIRRO": "3547809058", "NM_BAIRRO": "Vila Tibiriçá", "CD_RGINT": "3501", "NM_RGINT": "São Paulo", "CD_RGI": "350001", "NM_RGI": "São Paulo", "CD_CONCURB": "3550308", "NM_CONCURB": "São Paulo/SP" }, "geometry": { "type": "Polygon", "coordinates": [ [ [ -46.506354, -23.688034 ], [ -46.503164, -23.687621 ], [ -46.502676299999962, -23.687979399999961 ], [ -46.503218499999946, -23.688274199999967 ], [ -46.502797, -23.690129 ], [ -46.502608899999984, -23.690182499999935 ], [ -46.502668899999946, -23.691657599999928 ], [ -46.50615259999995, -23.692242399999941 ], [ -46.506214399999976, -23.691824799999949 ], [ -46.507011899999952, -23.692157099999974 ], [ -46.507290099999977, -23.690770499999928 ], [ -46.507360799999958, -23.689406899999938 ], [ -46.506967799999984, -23.687174199999959 ], [ -46.506501199999946, -23.687120099999959 ], [ -46.506354, -23.688034 ] ] ] } },
{ "type": "Feature", "properties": { "CD_REGIAO": "3", "NM_REGIAO": "Sudeste", "CD_UF": "35", "NM_UF": "São Paulo", "CD_MUN": "3547809", "NM_MUN": "Santo André", "CD_DIST": "354780905", "NM_DIST": "Santo André", "CD_SUBDIST": "35478090500", "NM_SUBDIST": null, "CD_BAIRRO": "3547809126", "NM_BAIRRO": "Centreville", "CD_RGINT": "3501", "NM_RGINT": "São Paulo", "CD_RGI": "350001", "NM_RGI": "São Paulo", "CD_CONCURB": "3550308", "NM_CONCURB": "São Paulo/SP" }, "geometry": { "type": "Polygon", "coordinates": [ [ [ -46.496772699999951, -23.67672529999993 ], [ -46.49706759999998, -23.676782 ], [ -46.497839, -23.677604499999973 ], [ -46.498678499999983, -23.677646599999946 ], [ -46.499500699999942, -23.675432499999943 ], [ -46.497542, -23.675696 ], [ -46.497491599999933, -23.675594199999978 ], [ -46.496579599999961, -23.675886399999968 ], [ -46.495913099999939, -23.67284 ], [ -46.493671, -23.672562 ], [ -46.492953, -23.673478 ], [ -46.493064299999958, -23.674382299999934 ], [ -46.492440099999953, -23.674559299999942 ], [ -46.493236899999943, -23.678237 ], [ -46.494523, -23.678297 ], [ -46.494704299999967, -23.679233099999976 ], [ -46.49598409999993, -23.679135899999949 ], [ -46.496475, -23.678548599999942 ], [ -46.496899799999937, -23.677660099999969 ], [ -46.496772699999951, -23.67672529999993 ] ] ] } },
{ "type": "Feature", "properties": { "CD_REGIAO": "3", "NM_REGIAO": "Sudeste", "CD_UF": "35", "NM_UF": "São Paulo", "CD_MUN": "3547809", "NM_MUN": "Santo André", "CD_DIST": "354780905", "NM_DIST": "Santo André", "CD_SUBDIST": "35478090500", "NM_SUBDIST": null, "CD_BAIRRO": "3547809057", "NM_BAIRRO": "Condomínio Maracanã", "CD_RGINT": "3501", "NM_RGINT": "São Paulo", "CD_RGI": "350001", "NM_RGI": "São Paulo", "CD_CONCURB": "3550308", "NM_CONCURB": "São Paulo/SP" }, "geometry": { "type": "Polygon", "coordinates": [ [ [ -46.494911199999933, -23.697535499999958 ], [ -46.495509199999958, -23.698000799999932 ], [ -46.495763, -23.698685699999942 ], [ -46.496293599999944, -23.698811199999966 ], [ -46.496191899999985, -23.698045899999954 ], [ -46.495823499999972, -23.697589099999959 ], [ -46.496234199999947, -23.69725539999996 ], [ -46.496508699999936, -23.696755099999962 ], [ -46.496327199999939, -23.695858699999974 ], [ -46.496144299999969, -23.695663899999943 ], [ -46.496462, -23.694141 ], [ -46.497439499999984, -23.69296769999994 ], [ -46.498468599999967, -23.692611199999931 ], [ -46.498240199999941, -23.691335599999945 ], [ -46.497664399999962, -23.691421799999944 ], [ -46.497543, -23.689495099999931 ], [ -46.494663499999945, -23.689032299999951 ], [ -46.494794499999955, -23.689853699999958 ], [ -46.493977, -23.691665 ], [ -46.493800399999941, -23.691229 ], [ -46.49399, -23.689977899999974 ], [ -46.493126899999936, -23.689793499999951 ], [ -46.492833799999971, -23.689546499999949 ], [ -46.492440099999953, -23.690713899999935 ], [ -46.491905899999949, -23.690520099999958 ], [ -46.49196429999995, -23.690359099999966 ], [ -46.491350099999977, -23.690025699999978 ], [ -46.491467799999953, -23.68969119999997 ], [ -46.490096299999948, -23.690217099999927 ], [ -46.489430099999936, -23.690011099999936 ], [ -46.489728799999966, -23.689241199999969 ], [ -46.489353799999947, -23.689252 ], [ -46.488650099999973, -23.689934099999959 ], [ -46.487478, -23.690633499999933 ], [ -46.48678039999993, -23.690879299999949 ], [ -46.485725, -23.690799 ], [ -46.485947, -23.692187 ], [ -46.485773, -23.693226 ], [ -46.486102, -23.693825 ], [ -46.486517, -23.694168 ], [ -46.488401, -23.694516 ], [ -46.489146, -23.694924 ], [ -46.491144, -23.697905 ], [ -46.491047399999957, -23.698858599999937 ], [ -46.491624399999978, -23.69886669999994 ], [ -46.492423599999938, -23.698182199999962 ], [ -46.493251599999951, -23.698521699999958 ], [ -46.493531399999938, -23.697987799999964 ], [ -46.493387599999949, -23.697874699999943 ], [ -46.494062299999939, -23.697594599999945 ], [ -46.494911199999933, -23.697535499999958 ] ] ] } },
{ "type": "Feature", "properties": { "CD_REGIAO": "3", "NM_REGIAO": "Sudeste", "CD_UF": "35", "NM_UF": "São Paulo", "CD_MUN": "3547809", "NM_MUN": "Santo André", "CD_DIST": "354780908", "NM_DIST": "Capuava", "CD_SUBDIST": "35478090800", "NM_SUBDIST": null, "CD_BAIRRO": "3547809090", "NM_BAIRRO": "Parque Erasmo Assunção", "CD_RGINT": "3501", "NM_RGINT": "São Paulo", "CD_RGI": "350001", "NM_RGI": "São Paulo", "CD_CONCURB": "3550308", "NM_CONCURB": "São Paulo/SP" }, "geometry": { "type": "Polygon", "coordinates": [ [ [ -46.498924099999954, -23.645626799999945 ], [ -46.501629499999979, -23.645706299999972 ], [ -46.502386899999976, -23.645552499999951 ], [ -46.50563539999996, -23.643090799999982 ], [ -46.506996399999935, -23.640881499999978 ], [ -46.507501299999944, -23.640679 ], [ -46.508173599999964, -23.640689799999961 ], [ -46.508270799999934, -23.640395499999954 ], [ -46.508168199999943, -23.640207799999928 ], [ -46.508463399999982, -23.639659299999948 ], [ -46.510281499999962, -23.63779889999995 ], [ -46.508159599999942, -23.636291699999958 ], [ -46.502934799999935, -23.634720899999934 ], [ -46.502592599999957, -23.636115199999949 ], [ -46.499953399999981, -23.639589099999966 ], [ -46.499341199999947, -23.64011469999997 ], [ -46.49810279999997, -23.640767199999971 ], [ -46.497473499999955, -23.641349699999978 ], [ -46.495658699999979, -23.643908199999942 ], [ -46.496300099999985, -23.645277299999975 ], [ -46.496932699999945, -23.645520799999929 ], [ -46.498177399999975, -23.645597699999939 ], [ -46.49813869999997, -23.647678299999939 ], [ -46.498606, -23.646109 ], [ -46.498924099999954, -23.645626799999945 ] ] ] } },
{ "type": "Feature", "properties": { "CD_REGIAO": "3", "NM_REGIAO": "Sudeste", "CD_UF": "35", "NM_UF": "São Paulo", "CD_MUN": "3547809", "NM_MUN": "Santo André", "CD_DIST": "354780908", "NM_DIST": "Capuava", "CD_SUBDIST": "35478090800", "NM_SUBDIST": null, "CD_BAIRRO": "3547809089", "NM_BAIRRO": "Parque Capuava", "CD_RGINT": "3501", "NM_RGINT": "São Paulo", "CD_RGI": "350001", "NM_RGI": "São Paulo", "CD_CONCURB": "3550308", "NM_CONCURB": "São Paulo/SP" }, "geometry": { "type": "Polygon", "coordinates": [ [ [ -46.492912, -23.651967 ], [ -46.493926899999963, -23.651585799999964 ], [ -46.494729099999972, -23.650895899999966 ], [ -46.495792, -23.649593799999934 ], [ -46.496724599999936, -23.648909 ], [ -46.496923, -23.648927199999946 ], [ -46.496044899999958, -23.648729599999967 ], [ -46.495389699999976, -23.649320899999964 ], [ -46.495035099999939, -23.649215099999935 ], [ -46.494709899999975, -23.649549099999945 ], [ -46.494486599999959, -23.649214499999971 ], [ -46.494832799999983, -23.648618799999952 ], [ -46.49417649999998, -23.648470199999963 ], [ -46.494006899999931, -23.647695499999941 ], [ -46.493310899999983, -23.648667499999931 ], [ -46.492818, -23.648295 ], [ -46.493366, -23.647599 ], [ -46.49276, -23.645982 ], [ -46.495213699999965, -23.644361199999935 ], [ -46.495627899999931, -23.643813199999954 ], [ -46.493273, -23.641299 ], [ -46.493283099999985, -23.641080399999964 ], [ -46.491925, -23.641084399999954 ], [ -46.491489599999966, -23.639670799999976 ], [ -46.492878799999971, -23.638370799999961 ], [ -46.491847, -23.638313 ], [ -46.491470199999981, -23.638649899999962 ], [ -46.489907699999947, -23.636812199999952 ], [ -46.489744, -23.636190099999965 ], [ -46.489367699999946, -23.635897799999952 ], [ -46.488702, -23.636766 ], [ -46.488543799999945, -23.635757199999944 ], [ -46.486968699999977, -23.634049799999957 ], [ -46.486689699999943, -23.634166899999968 ], [ -46.486660699999959, -23.634357399999942 ], [ -46.486503399999947, -23.637356 ], [ -46.488671499999953, -23.644484599999942 ], [ -46.488984899999934, -23.648425599999939 ], [ -46.488720899999976, -23.648437 ], [ -46.489006699999948, -23.650017399999967 ], [ -46.491657, -23.650777 ], [ -46.492446, -23.651229 ], [ -46.492912, -23.651967 ] ] ] } },
{ "type": "Feature", "properties": { "CD_REGIAO": "3", "NM_REGIAO": "Sudeste", "CD_UF": "35", "NM_UF": "São Paulo", "CD_MUN": "3547809", "NM_MUN": "Santo André", "CD_DIST": "354780908", "NM_DIST": "Capuava", "CD_SUBDIST": "35478090800", "NM_SUBDIST": null, "CD_BAIRRO": "3547809086", "NM_BAIRRO": "Jardim Ana Maria", "CD_RGINT": "3501", "NM_RGINT": "São Paulo", "CD_RGI": "350001", "NM_RGI": "São Paulo", "CD_CONCURB": "3550308", "NM_CONCURB": "São Paulo/SP" }, "geometry": { "type": "Polygon", "coordinates": [ [ [ -46.488980199999958, -23.62901439999996 ], [ -46.491001899999958, -23.629818099999966 ], [ -46.49123, -23.629407 ], [ -46.491790199999969, -23.630049499999927 ], [ -46.491987199999983, -23.629979499999934 ], [ -46.491987399999971, -23.629789099999982 ], [ -46.49271989999994, -23.629462499999931 ], [ -46.493225299999949, -23.629869199999973 ], [ -46.494204, -23.627699 ], [ -46.494664399999976, -23.628011699999945 ], [ -46.49520229999996, -23.626177699999971 ], [ -46.49593219999997, -23.626139699999953 ], [ -46.495733899999948, -23.624339599999928 ], [ -46.494736, -23.624622 ], [ -46.494004, -23.625295 ], [ -46.49314, -23.625406 ], [ -46.492774, -23.62475 ], [ -46.492253, -23.624269 ], [ -46.49049, -23.624657 ], [ -46.489819, -23.624632 ], [ -46.489241, -23.624113 ], [ -46.488626, -23.623965 ], [ -46.487846, -23.624023 ], [ -46.486659, -23.622838 ], [ -46.485452, -23.622978 ], [ -46.485014, -23.623245 ], [ -46.484852, -23.62348 ], [ -46.484674199999972, -23.624701099999982 ], [ -46.486843799999974, -23.62480759999994 ], [ -46.486816799999986, -23.625016599999981 ], [ -46.486617, -23.625105499999961 ], [ -46.486773299999982, -23.625196899999935 ], [ -46.486345, -23.626409 ], [ -46.486443699999938, -23.627846299999931 ], [ -46.487026199999946, -23.630213699999956 ], [ -46.487685599999963, -23.631249799999978 ], [ -46.487708899999973, -23.630311 ], [ -46.48812369999996, -23.630833799999948 ], [ -46.488980199999958, -23.62901439999996 ] ] ] } },
{ "type": "Feature", "properties": { "CD_REGIAO": "3", "NM_REGIAO": "Sudeste", "CD_UF": "35", "NM_UF": "São Paulo", "CD_MUN": "3547809", "NM_MUN": "Santo André", "CD_DIST": "354780908", "NM_DIST": "Capuava", "CD_SUBDIST": "35478090800", "NM_SUBDIST": null, "CD_BAIRRO": "3547809095", "NM_BAIRRO": "Jardim Alzira Franco", "CD_RGINT": "3501", "NM_RGINT": "São Paulo", "CD_RGI": "350001", "NM_RGI": "São Paulo", "CD_CONCURB": "3550308", "NM_CONCURB": "São Paulo/SP" }, "geometry": { "type": "Polygon", "coordinates": [ [ [ -46.497359299999971, -23.649017799999967 ], [ -46.496724599999936, -23.648909 ], [ -46.495792, -23.649593799999934 ], [ -46.494729099999972, -23.650895899999966 ], [ -46.493926899999963, -23.651585799999964 ], [ -46.492912, -23.651967 ], [ -46.493806, -23.652974 ], [ -46.494654, -23.654513 ], [ -46.495981, -23.656254 ], [ -46.497805, -23.656956 ], [ -46.498739, -23.656994 ], [ -46.507196399999941, -23.654020499999945 ], [ -46.508486399999981, -23.653384499999959 ], [ -46.507664899999952, -23.652718899999968 ], [ -46.506523, -23.650796399999933 ], [ -46.506163299999969, -23.650461499999949 ], [ -46.504027099999973, -23.650850499999933 ], [ -46.501400899999965, -23.65195209999996 ], [ -46.500232099999948, -23.65195749999998 ], [ -46.499474799999973, -23.651800099999946 ], [ -46.502396699999963, -23.650907699999948 ], [ -46.502428599999973, -23.650558499999931 ], [ -46.501863399999934, -23.650730099999976 ], [ -46.501737299999945, -23.649808 ], [ -46.501008899999931, -23.649942099999976 ], [ -46.500826099999983, -23.65029949999996 ], [ -46.499262, -23.650658299999975 ], [ -46.498499799999934, -23.649542499999939 ], [ -46.497359299999971, -23.649017799999967 ] ] ] } },
{ "type": "Feature", "properties": { "CD_REGIAO": "3", "NM_REGIAO": "Sudeste", "CD_UF": "35", "NM_UF": "São Paulo", "CD_MUN": "3547809", "NM_MUN": "Santo André", "CD_DIST": "354780908", "NM_DIST": "Capuava", "CD_SUBDIST": "35478090800", "NM_SUBDIST": null, "CD_BAIRRO": "3547809084", "NM_BAIRRO": "Parque Novo Oratório", "CD_RGINT": "3501", "NM_RGINT": "São Paulo", "CD_RGI": "350001", "NM_RGI": "São Paulo", "CD_CONCURB": "3550308", "NM_CONCURB": "São Paulo/SP" }, "geometry": { "type": "Polygon", "coordinates": [ [ [ -46.499953399999981, -23.639589099999966 ], [ -46.502754599999946, -23.635788499999933 ], [ -46.502934799999935, -23.634720899999934 ], [ -46.502988899999934, -23.632401799999968 ], [ -46.503651199999979, -23.630519399999969 ], [ -46.503770699999961, -23.629316899999935 ], [ -46.503646, -23.627012199999967 ], [ -46.504751, -23.625593 ], [ -46.502772, -23.625441 ], [ -46.501038, -23.62449 ], [ -46.500252, -23.623848 ], [ -46.498774, -23.62376 ], [ -46.497701, -23.624841 ], [ -46.497154, -23.624845 ], [ -46.495733899999948, -23.624339599999928 ], [ -46.49593219999997, -23.626139699999953 ], [ -46.497451, -23.625897499999951 ], [ -46.494541, -23.636544 ], [ -46.492502799999954, -23.63774669999998 ], [ -46.491847, -23.638313 ], [ -46.492878799999971, -23.638370799999961 ], [ -46.491489599999966, -23.639670799999976 ], [ -46.491925, -23.641084399999954 ], [ -46.493283099999985, -23.641080399999964 ], [ -46.493273, -23.641299 ], [ -46.495658699999979, -23.643908199999942 ], [ -46.497473499999955, -23.641349699999978 ], [ -46.49810279999997, -23.640767199999971 ], [ -46.499341199999947, -23.64011469999997 ], [ -46.499953399999981, -23.639589099999966 ] ] ] } },
{ "type": "Feature", "properties": { "CD_REGIAO": "3", "NM_REGIAO": "Sudeste", "CD_UF": "35", "NM_UF": "São Paulo", "CD_MUN": "3547809", "NM_MUN": "Santo André", "CD_DIST": "354780908", "NM_DIST": "Capuava", "CD_SUBDIST": "35478090800", "NM_SUBDIST": null, "CD_BAIRRO": "3547809091", "NM_BAIRRO": "Vila Curuçá", "CD_RGINT": "3501", "NM_RGINT": "São Paulo", "CD_RGI": "350001", "NM_RGI": "São Paulo", "CD_CONCURB": "3550308", "NM_CONCURB": "São Paulo/SP" }, "geometry": { "type": "Polygon", "coordinates": [ [ [ -46.512373, -23.641018299999928 ], [ -46.510516799999948, -23.638396399999976 ], [ -46.510346299999981, -23.638553799999954 ], [ -46.510010899999941, -23.638062799999943 ], [ -46.508582199999978, -23.639513499999964 ], [ -46.508168199999943, -23.640207799999928 ], [ -46.508270799999934, -23.640395499999954 ], [ -46.508173599999964, -23.640689799999961 ], [ -46.509047299999963, -23.641952799999956 ], [ -46.508366599999931, -23.641774799999951 ], [ -46.507843899999955, -23.641936899999962 ], [ -46.508120299999973, -23.642322 ], [ -46.50840009999996, -23.64382779999994 ], [ -46.508668199999931, -23.644428599999969 ], [ -46.510124799999971, -23.64588219999996 ], [ -46.510292, -23.647750899999949 ], [ -46.510717, -23.646888099999956 ], [ -46.51124729999998, -23.647553399999936 ], [ -46.511558599999944, -23.647564699999975 ], [ -46.512908399999958, -23.64529529999993 ], [ -46.515017499999942, -23.647471199999927 ], [ -46.515530299999966, -23.647705 ], [ -46.518345599999975, -23.647363199999972 ], [ -46.519942299999968, -23.648185199999944 ], [ -46.522143099999937, -23.647268699999927 ], [ -46.524923, -23.647484 ], [ -46.52187, -23.641412 ], [ -46.52143, -23.641101 ], [ -46.520460299999968, -23.641269799999975 ], [ -46.519977, -23.641534 ], [ -46.518934099999967, -23.641597099999956 ], [ -46.515438599999982, -23.640615399999945 ], [ -46.514515699999947, -23.64080759999996 ], [ -46.513005799999974, -23.64070849999996 ], [ -46.512373, -23.641018299999928 ] ] ] } },
{ "type": "Feature", "properties": { "CD_REGIAO": "3", "NM_REGIAO": "Sudeste", "CD_UF": "35", "NM_UF": "São Paulo", "CD_MUN": "3547809", "NM_MUN": "Santo André", "CD_DIST": "354780908", "NM_DIST": "Capuava", "CD_SUBDIST": "35478090800", "NM_SUBDIST": null, "CD_BAIRRO": "3547809087", "NM_BAIRRO": "Pólo Petroquímico de Capuava", "CD_RGINT": "3501", "NM_RGINT": "São Paulo", "CD_RGI": "350001", "NM_RGI": "São Paulo", "CD_CONCURB": "3550308", "NM_CONCURB": "São Paulo/SP" }, "geometry": { "type": "Polygon", "coordinates": [ [ [ -46.483639, -23.625747 ], [ -46.48286, -23.628009 ], [ -46.482813, -23.630201 ], [ -46.48405, -23.63219 ], [ -46.484527, -23.634316 ], [ -46.486348, -23.640099 ], [ -46.485491, -23.641173 ], [ -46.485009, -23.642679 ], [ -46.484202, -23.643708 ], [ -46.483857, -23.645115 ], [ -46.483448, -23.645998 ], [ -46.481491, -23.648272 ], [ -46.482421, -23.6495 ], [ -46.483294, -23.649202 ], [ -46.484826, -23.64947 ], [ -46.486068, -23.648916 ], [ -46.48673, -23.648792 ], [ -46.489006699999948, -23.650017399999967 ], [ -46.488720899999976, -23.648437 ], [ -46.488984899999934, -23.648425599999939 ], [ -46.488671499999953, -23.644484599999942 ], [ -46.486503399999947, -23.637356 ], [ -46.486437299999977, -23.636741099999938 ], [ -46.486689699999943, -23.634166899999968 ], [ -46.48657129999998, -23.633617199999946 ], [ -46.487020299999983, -23.633906499999966 ], [ -46.487860299999966, -23.633763599999952 ], [ -46.486618899999939, -23.630108299999961 ], [ -46.486971199999971, -23.629983599999946 ], [ -46.48648309999993, -23.628065899999967 ], [ -46.486326, -23.626569 ], [ -46.486773299999982, -23.625196899999935 ], [ -46.486617, -23.625105499999961 ], [ -46.486816799999986, -23.625016599999981 ], [ -46.486843799999974, -23.62480759999994 ], [ -46.484666, -23.624678 ], [ -46.483639, -23.625747 ] ] ] } },
{ "type": "Feature", "properties": { "CD_REGIAO": "3", "NM_REGIAO": "Sudeste", "CD_UF": "35", "NM_UF": "São Paulo", "CD_MUN": "3547809", "NM_MUN": "Santo André", "CD_DIST": "354780908", "NM_DIST": "Capuava", "CD_SUBDIST": "35478090800", "NM_SUBDIST": null, "CD_BAIRRO": "3547809132", "NM_BAIRRO": "Várzea do Tamanduateí", "CD_RGINT": "3501", "NM_RGINT": "São Paulo", "CD_RGI": "350001", "NM_RGI": "São Paulo", "CD_CONCURB": "3550308", "NM_CONCURB": "São Paulo/SP" }, "geometry": { "type": "Polygon", "coordinates": [ [ [ -46.519409, -23.656731 ], [ -46.52635, -23.653829 ], [ -46.523565, -23.650051 ], [ -46.521303, -23.651814 ], [ -46.519443, -23.652501 ], [ -46.518514, -23.652539 ], [ -46.514190799999938, -23.651989299999968 ], [ -46.511793199999943, -23.652107499999943 ], [ -46.51028279999997, -23.652549499999964 ], [ -46.507196399999941, -23.654020499999945 ], [ -46.49948, -23.656665 ], [ -46.497257, -23.660397 ], [ -46.49976, -23.660913 ], [ -46.501049, -23.660957 ], [ -46.502535, -23.660742 ], [ -46.519409, -23.656731 ] ] ] } },
{ "type": "Feature", "properties": { "CD_REGIAO": "3", "NM_REGIAO": "Sudeste", "CD_UF": "35", "NM_UF": "São Paulo", "CD_MUN": "3547809", "NM_MUN": "Santo André", "CD_DIST": "354780908", "NM_DIST": "Capuava", "CD_SUBDIST": "35478090800", "NM_SUBDIST": null, "CD_BAIRRO": "3547809093", "NM_BAIRRO": "Parque João Ramalho", "CD_RGINT": "3501", "NM_RGINT": "São Paulo", "CD_RGI": "350001", "NM_RGI": "São Paulo", "CD_CONCURB": "3550308", "NM_CONCURB": "São Paulo/SP" }, "geometry": { "type": "Polygon", "coordinates": [ [ [ -46.498277599999938, -23.649403799999959 ], [ -46.498825599999975, -23.649911699999961 ], [ -46.499262, -23.650658299999975 ], [ -46.500826099999983, -23.65029949999996 ], [ -46.501008899999931, -23.649942099999976 ], [ -46.501737299999945, -23.649808 ], [ -46.501863399999934, -23.650730099999976 ], [ -46.502428599999973, -23.650558499999931 ], [ -46.502396699999963, -23.650907699999948 ], [ -46.499474799999973, -23.651800099999946 ], [ -46.501065499999982, -23.652031099999931 ], [ -46.504027099999973, -23.650850499999933 ], [ -46.506163299999969, -23.650461499999949 ], [ -46.506523, -23.650796399999933 ], [ -46.507664899999952, -23.652718899999968 ], [ -46.508486399999981, -23.653384499999959 ], [ -46.511058699999978, -23.652300299999979 ], [ -46.510168499999963, -23.647251099999949 ], [ -46.510124799999971, -23.64588219999996 ], [ -46.509841, -23.645474 ], [ -46.508994, -23.644816799999944 ], [ -46.508505299999968, -23.644111599999974 ], [ -46.508120299999973, -23.642322 ], [ -46.507843899999955, -23.641936899999962 ], [ -46.508366599999931, -23.641774799999951 ], [ -46.509047299999963, -23.641952799999956 ], [ -46.508173599999964, -23.640689799999961 ], [ -46.507501299999944, -23.640679 ], [ -46.506996399999935, -23.640881499999978 ], [ -46.50563539999996, -23.643090799999982 ], [ -46.502386899999976, -23.645552499999951 ], [ -46.501629499999979, -23.645706299999972 ], [ -46.498924099999954, -23.645626799999945 ], [ -46.498402, -23.646701 ], [ -46.498045, -23.648247 ], [ -46.497550899999965, -23.648545599999977 ], [ -46.497354599999937, -23.648883699999942 ], [ -46.497359299999971, -23.649017799999967 ], [ -46.498277599999938, -23.649403799999959 ] ] ] } },
{ "type": "Feature", "properties": { "CD_REGIAO": "3", "NM_REGIAO": "Sudeste", "CD_UF": "35", "NM_UF": "São Paulo", "CD_MUN": "3547809", "NM_MUN": "Santo André", "CD_DIST": "354780908", "NM_DIST": "Capuava", "CD_SUBDIST": "35478090800", "NM_SUBDIST": null, "CD_BAIRRO": "3547809092", "NM_BAIRRO": "Parque Jaçatuba", "CD_RGINT": "3501", "NM_RGINT": "São Paulo", "CD_RGI": "350001", "NM_RGI": "São Paulo", "CD_CONCURB": "3550308", "NM_CONCURB": "São Paulo/SP" }, "geometry": { "type": "Polygon", "coordinates": [ [ [ -46.515290299999947, -23.647657399999957 ], [ -46.512908399999958, -23.64529529999993 ], [ -46.511558599999944, -23.647564699999975 ], [ -46.51124729999998, -23.647553399999936 ], [ -46.510717, -23.646888099999956 ], [ -46.510292, -23.647750899999949 ], [ -46.511058699999978, -23.652300299999979 ], [ -46.512944699999935, -23.651963899999942 ], [ -46.514190799999938, -23.651989299999968 ], [ -46.518514, -23.652539 ], [ -46.519904099999962, -23.652394699999945 ], [ -46.521303, -23.651814 ], [ -46.523565, -23.650051 ], [ -46.523422, -23.649901 ], [ -46.525433, -23.648515 ], [ -46.524923, -23.647484 ], [ -46.523802, -23.647301399999947 ], [ -46.522143099999937, -23.647268699999927 ], [ -46.519942299999968, -23.648185199999944 ], [ -46.518345599999975, -23.647363199999972 ], [ -46.515290299999947, -23.647657399999957 ] ] ] } },
{ "type": "Feature", "properties": { "CD_REGIAO": "3", "NM_REGIAO": "Sudeste", "CD_UF": "35", "NM_UF": "São Paulo", "CD_MUN": "3547809", "NM_MUN": "Santo André", "CD_DIST": "354780908", "NM_DIST": "Capuava", "CD_SUBDIST": "35478090800", "NM_SUBDIST": null, "CD_BAIRRO": "3547809094", "NM_BAIRRO": "Jardim Rina", "CD_RGINT": "3501", "NM_RGINT": "São Paulo", "CD_RGI": "350001", "NM_RGI": "São Paulo", "CD_CONCURB": "3550308", "NM_CONCURB": "São Paulo/SP" }, "geometry": { "type": "Polygon", "coordinates": [ [ [ -46.496300099999985, -23.645277299999975 ], [ -46.495658699999979, -23.643908199999942 ], [ -46.495213699999965, -23.644361199999935 ], [ -46.49276, -23.645982 ], [ -46.493366, -23.647599 ], [ -46.492818, -23.648295 ], [ -46.493005299999936, -23.648509499999932 ], [ -46.493310899999983, -23.648667499999931 ], [ -46.494006899999931, -23.647695499999941 ], [ -46.49417649999998, -23.648470199999963 ], [ -46.494832799999983, -23.648618799999952 ], [ -46.494486599999959, -23.649214499999971 ], [ -46.494709899999975, -23.649549099999945 ], [ -46.495035099999939, -23.649215099999935 ], [ -46.495389699999976, -23.649320899999964 ], [ -46.496044899999958, -23.648729599999967 ], [ -46.497359299999971, -23.649017799999967 ], [ -46.497430599999973, -23.648662399999978 ], [ -46.497830099999931, -23.648488699999973 ], [ -46.49816119999997, -23.647884899999951 ], [ -46.498177399999975, -23.645597699999939 ], [ -46.496932699999945, -23.645520799999929 ], [ -46.496300099999985, -23.645277299999975 ] ] ] } },
{ "type": "Feature", "properties": { "CD_REGIAO": "3", "NM_REGIAO": "Sudeste", "CD_UF": "35", "NM_UF": "São Paulo", "CD_MUN": "3547809", "NM_MUN": "Santo André", "CD_DIST": "354780908", "NM_DIST": "Capuava", "CD_SUBDIST": "35478090800", "NM_SUBDIST": null, "CD_BAIRRO": "3547809088", "NM_BAIRRO": "Jardim Itapoan", "CD_RGINT": "3501", "NM_RGINT": "São Paulo", "CD_RGI": "350001", "NM_RGI": "São Paulo", "CD_CONCURB": "3550308", "NM_CONCURB": "São Paulo/SP" }, "geometry": { "type": "Polygon", "coordinates": [ [ [ -46.489367699999946, -23.635897799999952 ], [ -46.489744, -23.636190099999965 ], [ -46.491389, -23.632449 ], [ -46.492309, -23.63221 ], [ -46.492273, -23.631967 ], [ -46.493225299999949, -23.629869199999973 ], [ -46.49284259999996, -23.629516699999954 ], [ -46.491987399999971, -23.629789099999982 ], [ -46.491993199999968, -23.629970499999956 ], [ -46.49181219999997, -23.630053499999974 ], [ -46.49123, -23.629407 ], [ -46.491001899999958, -23.629818099999966 ], [ -46.488980199999958, -23.62901439999996 ], [ -46.48812369999996, -23.630833799999948 ], [ -46.487708899999973, -23.630311 ], [ -46.487685599999963, -23.631249799999978 ], [ -46.486971199999971, -23.629983599999946 ], [ -46.486618899999939, -23.630108299999961 ], [ -46.487860299999966, -23.633763599999952 ], [ -46.487020299999983, -23.633906499999966 ], [ -46.48657129999998, -23.633617199999946 ], [ -46.486689699999943, -23.634166899999968 ], [ -46.486968699999977, -23.634049799999957 ], [ -46.488543799999945, -23.635757199999944 ], [ -46.488702, -23.636766 ], [ -46.489367699999946, -23.635897799999952 ] ] ] } },
{ "type": "Feature", "properties": { "CD_REGIAO": "3", "NM_REGIAO": "Sudeste", "CD_UF": "35", "NM_UF": "São Paulo", "CD_MUN": "3547809", "NM_MUN": "Santo André", "CD_DIST": "354780908", "NM_DIST": "Capuava", "CD_SUBDIST": "35478090800", "NM_SUBDIST": null, "CD_BAIRRO": "3547809085", "NM_BAIRRO": "Jardim Santo Alberto", "CD_RGINT": "3501", "NM_RGINT": "São Paulo", "CD_RGI": "350001", "NM_RGI": "São Paulo", "CD_CONCURB": "3550308", "NM_CONCURB": "São Paulo/SP" }, "geometry": { "type": "Polygon", "coordinates": [ [ [ -46.494541, -23.636544 ], [ -46.496496, -23.629182 ], [ -46.497451, -23.625897499999951 ], [ -46.49520229999996, -23.626177699999971 ], [ -46.494664399999976, -23.628011699999945 ], [ -46.494204, -23.627699 ], [ -46.492273, -23.631967 ], [ -46.492309, -23.63221 ], [ -46.491389, -23.632449 ], [ -46.489738399999965, -23.63600809999997 ], [ -46.489760299999944, -23.636551699999927 ], [ -46.491470199999981, -23.638649899999962 ], [ -46.492502799999954, -23.63774669999998 ], [ -46.494541, -23.636544 ] ] ] } },
{ "type": "Feature", "properties": { "CD_REGIAO": "3", "NM_REGIAO": "Sudeste", "CD_UF": "35", "NM_UF": "São Paulo", "CD_MUN": "3547809", "NM_MUN": "Santo André", "CD_DIST": "354780910", "NM_DIST": "Paranapiacaba", "CD_SUBDIST": "35478091000", "NM_SUBDIST": null, "CD_BAIRRO": "3547809101", "NM_BAIRRO": "Parque Rio Grande", "CD_RGINT": "3501", "NM_RGINT": "São Paulo", "CD_RGI": "350001", "NM_RGI": "São Paulo", "CD_CONCURB": "3550308", "NM_CONCURB": "São Paulo/SP" }, "geometry": { "type": "Polygon", "coordinates": [ [ [ -46.427083, -23.771947 ], [ -46.42618, -23.773883 ], [ -46.425887, -23.774064 ], [ -46.424943, -23.773501 ], [ -46.424709, -23.772767 ], [ -46.424296, -23.772241 ], [ -46.423727, -23.772336 ], [ -46.423132, -23.773018 ], [ -46.422893, -23.773077 ], [ -46.42228, -23.772674 ], [ -46.421714, -23.771662 ], [ -46.421101199999953, -23.771456 ], [ -46.420308, -23.771619 ], [ -46.420006, -23.772418 ], [ -46.419407, -23.772953 ], [ -46.418749, -23.772931 ], [ -46.417324, -23.772033 ], [ -46.416767, -23.772247 ], [ -46.416149, -23.772988 ], [ -46.415819, -23.773104 ], [ -46.415594, -23.772979 ], [ -46.415492, -23.772659 ], [ -46.415316, -23.770978 ], [ -46.413376899999946, -23.772413399999948 ], [ -46.409731499999964, -23.773163599999975 ], [ -46.409626399999979, -23.774512099999981 ], [ -46.410001, -23.77557 ], [ -46.41083059999994, -23.776754599999947 ], [ -46.415358899999944, -23.780487599999958 ], [ -46.416037, -23.783057 ], [ -46.41594, -23.783775 ], [ -46.415654399999937, -23.784410699999967 ], [ -46.416010299999982, -23.784756399999935 ], [ -46.416355199999941, -23.784775499999967 ], [ -46.416775799999982, -23.7845 ], [ -46.417153699999972, -23.784763399999974 ], [ -46.417756399999973, -23.784556 ], [ -46.418393499999979, -23.784100699999954 ], [ -46.418950399999972, -23.784179599999959 ], [ -46.41905, -23.784111399999972 ], [ -46.418903399999977, -23.783707199999981 ], [ -46.419320299999981, -23.783902199999943 ], [ -46.419145399999934, -23.783685599999956 ], [ -46.419185899999945, -23.78341359999996 ], [ -46.419591299999979, -23.78352179999996 ], [ -46.421027099999947, -23.783212299999946 ], [ -46.421504499999969, -23.78336719999993 ], [ -46.421837699999969, -23.783252899999979 ], [ -46.42148919999994, -23.782443399999977 ], [ -46.421955199999957, -23.781370699999968 ], [ -46.422327199999984, -23.781536499999959 ], [ -46.422551899999974, -23.782246499999928 ], [ -46.422937199999978, -23.782438899999931 ], [ -46.423332699999946, -23.782425699999976 ], [ -46.423885199999972, -23.782193199999938 ], [ -46.424647299999947, -23.782696299999941 ], [ -46.424972199999957, -23.782737299999951 ], [ -46.42514019999993, -23.783253 ], [ -46.425439, -23.783208699999932 ], [ -46.426693199999931, -23.782201899999961 ], [ -46.42705959999995, -23.781709199999966 ], [ -46.427280799999949, -23.78059849999994 ], [ -46.42861819999996, -23.780786399999954 ], [ -46.428896299999963, -23.781774499999983 ], [ -46.429394399999978, -23.781691499999965 ], [ -46.430072, -23.781848699999955 ], [ -46.430676299999959, -23.780902799999978 ], [ -46.431187899999941, -23.780779199999927 ], [ -46.431710599999974, -23.779556599999978 ], [ -46.432319599999971, -23.77516369999995 ], [ -46.43014119999998, -23.775829599999952 ], [ -46.427909, -23.76771 ], [ -46.426378, -23.768317 ], [ -46.425699, -23.76887 ], [ -46.42537, -23.769405 ], [ -46.425809, -23.770382 ], [ -46.427048, -23.771553 ], [ -46.427083, -23.771947 ] ] ] } },
{ "type": "Feature", "properties": { "CD_REGIAO": "3", "NM_REGIAO": "Sudeste", "CD_UF": "35", "NM_UF": "São Paulo", "CD_MUN": "3547809", "NM_MUN": "Santo André", "CD_DIST": "354780910", "NM_DIST": "Paranapiacaba", "CD_SUBDIST": "35478091000", "NM_SUBDIST": null, "CD_BAIRRO": "3547809129", "NM_BAIRRO": "Rio Mogi", "CD_RGINT": "3501", "NM_RGINT": "São Paulo", "CD_RGI": "350001", "NM_RGI": "São Paulo", "CD_CONCURB": "3550308", "NM_CONCURB": "São Paulo/SP" }, "geometry": { "type": "Polygon", "coordinates": [ [ [ -46.314283, -23.781704 ], [ -46.309858, -23.7854 ], [ -46.305, -23.789724 ], [ -46.304904699999952, -23.790002299999969 ], [ -46.308926, -23.793639 ], [ -46.308965, -23.793839 ], [ -46.308596, -23.794419 ], [ -46.308773, -23.794695 ], [ -46.310664, -23.796585 ], [ -46.311818, -23.797087 ], [ -46.312615, -23.798002 ], [ -46.314323, -23.799303 ], [ -46.315693, -23.800645 ], [ -46.316162, -23.801628 ], [ -46.316528, -23.801996 ], [ -46.319338, -23.802356 ], [ -46.320292, -23.803097 ], [ -46.320324, -23.785135 ], [ -46.320701, -23.785053 ], [ -46.322323, -23.785368 ], [ -46.3234, -23.785384 ], [ -46.324963, -23.784706 ], [ -46.325269, -23.784235 ], [ -46.326058, -23.784248 ], [ -46.326805, -23.784028 ], [ -46.327551, -23.783342 ], [ -46.328692, -23.783443 ], [ -46.328902, -23.783249 ], [ -46.329031, -23.782759 ], [ -46.329429, -23.782381 ], [ -46.331329, -23.782119 ], [ -46.331781, -23.781258 ], [ -46.33379, -23.781152 ], [ -46.335559, -23.781247 ], [ -46.337218, -23.78163 ], [ -46.338191, -23.781535 ], [ -46.340665, -23.782769 ], [ -46.343243, -23.78453 ], [ -46.343917, -23.785361 ], [ -46.344875, -23.787179 ], [ -46.345174, -23.78746 ], [ -46.346248, -23.787737 ], [ -46.348409, -23.787833 ], [ -46.348623, -23.787733 ], [ -46.348872, -23.787235 ], [ -46.349169, -23.787164 ], [ -46.351901, -23.787812 ], [ -46.353628, -23.788484 ], [ -46.353821, -23.788995 ], [ -46.35357, -23.790513 ], [ -46.353966, -23.79118 ], [ -46.354444, -23.791472 ], [ -46.355798, -23.791339 ], [ -46.356121, -23.790775 ], [ -46.356404, -23.790604 ], [ -46.357241, -23.791423 ], [ -46.35866, -23.792152 ], [ -46.359954, -23.792035 ], [ -46.36107, -23.792473 ], [ -46.361811, -23.791813 ], [ -46.362108, -23.791291 ], [ -46.362395, -23.791199 ], [ -46.363392, -23.791669 ], [ -46.364783, -23.791694 ], [ -46.366454, -23.79241 ], [ -46.367435, -23.792489 ], [ -46.368557, -23.792115 ], [ -46.36879, -23.791542 ], [ -46.36912, -23.791331 ], [ -46.370531, -23.791048 ], [ -46.371953, -23.789788 ], [ -46.372387, -23.789711 ], [ -46.372704, -23.790615 ], [ -46.374369, -23.79165 ], [ -46.374948, -23.792525 ], [ -46.376263, -23.79342 ], [ -46.376942, -23.793409 ], [ -46.37707, -23.793588 ], [ -46.377045, -23.794301 ], [ -46.377245, -23.794807 ], [ -46.377118, -23.795029 ], [ -46.375892, -23.79467 ], [ -46.374544, -23.794617 ], [ -46.37367, -23.794894 ], [ -46.373333, -23.795553 ], [ -46.374088, -23.797005 ], [ -46.374962, -23.798258 ], [ -46.375458, -23.800128 ], [ -46.376767, -23.801699 ], [ -46.376998, -23.802644 ], [ -46.377423, -23.803288 ], [ -46.377784, -23.804399 ], [ -46.379417, -23.805277 ], [ -46.380032, -23.805882 ], [ -46.380676, -23.806115 ], [ -46.380825, -23.806801 ], [ -46.381662, -23.807672 ], [ -46.38231, -23.807519 ], [ -46.382503, -23.80788 ], [ -46.382513, -23.808887 ], [ -46.383397, -23.809644 ], [ -46.385067, -23.809764 ], [ -46.386287, -23.809276 ], [ -46.389211, -23.80984 ], [ -46.39115, -23.810986 ], [ -46.392737, -23.812077 ], [ -46.393028399999935, -23.812427 ], [ -46.392993, -23.81183 ], [ -46.391432299999963, -23.809919299999933 ], [ -46.391558599999939, -23.808992799999942 ], [ -46.391281799999945, -23.805345599999953 ], [ -46.391256799999951, -23.802628899999945 ], [ -46.390857799999935, -23.801239399999929 ], [ -46.390792099999942, -23.800185499999941 ], [ -46.390153599999962, -23.799794599999927 ], [ -46.387742699999933, -23.799546899999939 ], [ -46.387075699999968, -23.797789299999977 ], [ -46.388196899999969, -23.796607299999948 ], [ -46.389466399999947, -23.795624 ], [ -46.389634399999977, -23.794902799999932 ], [ -46.389046199999939, -23.794270299999937 ], [ -46.387146799999982, -23.79450879999996 ], [ -46.386181, -23.794394 ], [ -46.384968399999934, -23.793177199999946 ], [ -46.386818699999935, -23.790664599999957 ], [ -46.386798399999975, -23.789882399999954 ], [ -46.385503899999946, -23.78872169999994 ], [ -46.384688399999959, -23.78738379999993 ], [ -46.384907899999973, -23.78638449999994 ], [ -46.385525499999972, -23.785330599999952 ], [ -46.385095, -23.78452249999998 ], [ -46.384620199999972, -23.780192 ], [ -46.381609499999968, -23.779649199999938 ], [ -46.381309199999976, -23.779475499999933 ], [ -46.381191199999932, -23.779214099999933 ], [ -46.38134, -23.778444099999945 ], [ -46.381453799999974, -23.778053899999975 ], [ -46.381849699999975, -23.777716099999964 ], [ -46.38175629999995, -23.777676099999951 ], [ -46.380794199999968, -23.777385 ], [ -46.380044, -23.778209799999956 ], [ -46.378811199999973, -23.778717599999936 ], [ -46.378474599999947, -23.779575899999941 ], [ -46.378762799999947, -23.780962199999976 ], [ -46.378167899999937, -23.782013899999981 ], [ -46.376649, -23.782214599999975 ], [ -46.373963199999935, -23.780178399999954 ], [ -46.370449, -23.782438499999955 ], [ -46.369348099999968, -23.782215 ], [ -46.365848599999936, -23.782710799999961 ], [ -46.36418649999996, -23.782421399999976 ], [ -46.363583, -23.781945199999939 ], [ -46.362361899999939, -23.77994259999997 ], [ -46.360370399999965, -23.780420599999957 ], [ -46.359036299999957, -23.780258899999978 ], [ -46.356755599999985, -23.779422599999975 ], [ -46.355732599999953, -23.779696099999967 ], [ -46.354695699999979, -23.781772299999943 ], [ -46.354101799999967, -23.781501399999968 ], [ -46.352614299999971, -23.780267499999979 ], [ -46.352521599999932, -23.779689 ], [ -46.352121499999953, -23.77887359999994 ], [ -46.351621499999965, -23.775470199999972 ], [ -46.351062299999967, -23.774347 ], [ -46.350296399999934, -23.773538499999972 ], [ -46.349113, -23.773487099999954 ], [ -46.348578599999939, -23.774003099999959 ], [ -46.348144, -23.774747099999956 ], [ -46.347642199999939, -23.775099699999942 ], [ -46.347049499999969, -23.774328199999957 ], [ -46.346115299999951, -23.774545499999931 ], [ -46.34503559999996, -23.773926899999935 ], [ -46.344740499999943, -23.773289099999943 ], [ -46.344103899999936, -23.773491699999965 ], [ -46.344343099999946, -23.773983699999974 ], [ -46.344335699999931, -23.774629599999969 ], [ -46.343435099999965, -23.77476379999996 ], [ -46.343738299999984, -23.774381699999935 ], [ -46.343273699999941, -23.773775299999954 ], [ -46.343182, -23.773064699999964 ], [ -46.34429339999997, -23.772639699999957 ], [ -46.344686099999933, -23.772198799999956 ], [ -46.344069499999932, -23.771577 ], [ -46.343479399999978, -23.769921099999976 ], [ -46.342775299999971, -23.769019199999946 ], [ -46.340776099999971, -23.769404399999928 ], [ -46.337774799999977, -23.770764699999972 ], [ -46.323259, -23.774449 ], [ -46.322161699999981, -23.774345799999935 ], [ -46.320501099999944, -23.773387899999932 ], [ -46.319707299999948, -23.773167299999955 ], [ -46.315014099999985, -23.77316849999994 ], [ -46.313972299999932, -23.773479299999963 ], [ -46.31125, -23.775162 ], [ -46.307982, -23.776416 ], [ -46.3073, -23.776886 ], [ -46.307122, -23.778788 ], [ -46.306647, -23.779323 ], [ -46.310871, -23.780825 ], [ -46.310805, -23.782021 ], [ -46.314283, -23.781704 ] ] ] } },
{ "type": "Feature", "properties": { "CD_REGIAO": "3", "NM_REGIAO": "Sudeste", "CD_UF": "35", "NM_UF": "São Paulo", "CD_MUN": "3547809", "NM_MUN": "Santo André", "CD_DIST": "354780910", "NM_DIST": "Paranapiacaba", "CD_SUBDIST": "35478091000", "NM_SUBDIST": null, "CD_BAIRRO": "3547809106", "NM_BAIRRO": "Campo Grande", "CD_RGINT": "3501", "NM_RGINT": "São Paulo", "CD_RGI": "350001", "NM_RGI": "São Paulo", "CD_CONCURB": "3550308", "NM_CONCURB": "São Paulo/SP" }, "geometry": { "type": "Polygon", "coordinates": [ [ [ -46.381849699999975, -23.777716099999964 ], [ -46.381453799999974, -23.778053899999975 ], [ -46.381225099999938, -23.779354399999932 ], [ -46.381497699999954, -23.779610499999933 ], [ -46.382429599999966, -23.779811799999948 ], [ -46.388032899999985, -23.780765699999961 ], [ -46.389545899999973, -23.780694 ], [ -46.400353399999972, -23.781127699999956 ], [ -46.40025, -23.767636 ], [ -46.400114, -23.766817 ], [ -46.399662, -23.766479 ], [ -46.399148, -23.766436 ], [ -46.398864, -23.766552 ], [ -46.398494, -23.7671 ], [ -46.398049, -23.767413 ], [ -46.396672, -23.76766 ], [ -46.396053, -23.767408 ], [ -46.391207, -23.764056 ], [ -46.389585, -23.763898 ], [ -46.387306, -23.764012 ], [ -46.387044, -23.763691 ], [ -46.386984, -23.76274 ], [ -46.386768, -23.762308 ], [ -46.3857, -23.761952 ], [ -46.384788, -23.762162 ], [ -46.384125, -23.760951 ], [ -46.383506, -23.760225 ], [ -46.382084, -23.759058 ], [ -46.381017, -23.758532 ], [ -46.380011, -23.758449 ], [ -46.379234, -23.758676 ], [ -46.377882, -23.758341 ], [ -46.376427, -23.758864 ], [ -46.375468799999965, -23.75813919999996 ], [ -46.373680599999943, -23.759022 ], [ -46.369169699999929, -23.761805699999968 ], [ -46.366916299999957, -23.760035499999958 ], [ -46.364907199999948, -23.760041599999965 ], [ -46.364090199999964, -23.759647 ], [ -46.36406519999997, -23.759051799999952 ], [ -46.363254, -23.75911259999998 ], [ -46.363265599999977, -23.758781399999975 ], [ -46.36284779999994, -23.758626499999934 ], [ -46.36243079999997, -23.758153099999959 ], [ -46.362657299999967, -23.757731899999953 ], [ -46.362202699999955, -23.757356099999981 ], [ -46.362206299999968, -23.757046899999978 ], [ -46.36187289999998, -23.756791499999963 ], [ -46.361735299999964, -23.756375899999966 ], [ -46.361155699999983, -23.756302799999958 ], [ -46.36070929999994, -23.755759399999931 ], [ -46.360524199999986, -23.75572649999998 ], [ -46.360307499999976, -23.755767799999944 ], [ -46.359902899999952, -23.756229499999961 ], [ -46.359000599999945, -23.756555099999957 ], [ -46.358797, -23.756815599999982 ], [ -46.358130099999983, -23.756689499999936 ], [ -46.357985299999939, -23.756794099999979 ], [ -46.358083799999974, -23.757145 ], [ -46.357929399999932, -23.757267699999943 ], [ -46.356767299999944, -23.757677699999931 ], [ -46.355656, -23.757621299999983 ], [ -46.354962599999965, -23.757390599999951 ], [ -46.354572299999973, -23.757433399999968 ], [ -46.353940299999977, -23.757841399999961 ], [ -46.353381299999967, -23.757633599999963 ], [ -46.352818499999955, -23.756972499999961 ], [ -46.350846699999977, -23.755536699999936 ], [ -46.349875499999939, -23.755878899999971 ], [ -46.349810199999979, -23.756081399999971 ], [ -46.349252599999943, -23.756375499999933 ], [ -46.349024499999985, -23.756383699999958 ], [ -46.348121299999946, -23.755850599999974 ], [ -46.34780539999997, -23.755868599999928 ], [ -46.347028799999975, -23.75654389999994 ], [ -46.346355499999959, -23.756796799999961 ], [ -46.345487599999956, -23.756844199999932 ], [ -46.344995, -23.757505 ], [ -46.34507259999998, -23.758010199999944 ], [ -46.344919899999979, -23.758227399999953 ], [ -46.344198499999948, -23.758242699999983 ], [ -46.34354, -23.757714 ], [ -46.343242299999986, -23.758109599999955 ], [ -46.342389099999934, -23.758701499999972 ], [ -46.341504799999939, -23.758815499999969 ], [ -46.339407, -23.759437899999966 ], [ -46.338784399999952, -23.760105799999963 ], [ -46.338783399999954, -23.760580699999934 ], [ -46.33905169999997, -23.760581599999966 ], [ -46.339098399999955, -23.760771099999943 ], [ -46.339992699999982, -23.761284 ], [ -46.339069, -23.763141 ], [ -46.339065399999981, -23.763681399999939 ], [ -46.34106, -23.765956 ], [ -46.341545899999971, -23.766966499999967 ], [ -46.342235, -23.767276299999935 ], [ -46.342504, -23.768612 ], [ -46.343479399999978, -23.769921099999976 ], [ -46.344069499999932, -23.771577 ], [ -46.344686099999933, -23.772198799999956 ], [ -46.34429339999997, -23.772639699999957 ], [ -46.343182, -23.773064699999964 ], [ -46.343273699999941, -23.773775299999954 ], [ -46.343738299999984, -23.774381699999935 ], [ -46.343435099999965, -23.77476379999996 ], [ -46.344335699999931, -23.774629599999969 ], [ -46.344343099999946, -23.773983699999974 ], [ -46.344103899999936, -23.773491699999965 ], [ -46.344740499999943, -23.773289099999943 ], [ -46.34503559999996, -23.773926899999935 ], [ -46.346115299999951, -23.774545499999931 ], [ -46.347049499999969, -23.774328199999957 ], [ -46.347642199999939, -23.775099699999942 ], [ -46.348144, -23.774747099999956 ], [ -46.348578599999939, -23.774003099999959 ], [ -46.349113, -23.773487099999954 ], [ -46.350296399999934, -23.773538499999972 ], [ -46.351062299999967, -23.774347 ], [ -46.351621499999965, -23.775470199999972 ], [ -46.352121499999953, -23.77887359999994 ], [ -46.352521599999932, -23.779689 ], [ -46.352614299999971, -23.780267499999979 ], [ -46.354101799999967, -23.781501399999968 ], [ -46.354695699999979, -23.781772299999943 ], [ -46.355732599999953, -23.779696099999967 ], [ -46.356755599999985, -23.779422599999975 ], [ -46.359036299999957, -23.780258899999978 ], [ -46.360370399999965, -23.780420599999957 ], [ -46.362361899999939, -23.77994259999997 ], [ -46.363583, -23.781945199999939 ], [ -46.36418649999996, -23.782421399999976 ], [ -46.365848599999936, -23.782710799999961 ], [ -46.369348099999968, -23.782215 ], [ -46.370449, -23.782438499999955 ], [ -46.373963199999935, -23.780178399999954 ], [ -46.376649, -23.782214599999975 ], [ -46.378167899999937, -23.782013899999981 ], [ -46.378762799999947, -23.780962199999976 ], [ -46.378474599999947, -23.779575899999941 ], [ -46.378811199999973, -23.778717599999936 ], [ -46.380044, -23.778209799999956 ], [ -46.380794199999968, -23.777385 ], [ -46.381849699999975, -23.777716099999964 ] ] ] } },
{ "type": "Feature", "properties": { "CD_REGIAO": "3", "NM_REGIAO": "Sudeste", "CD_UF": "35", "NM_UF": "São Paulo", "CD_MUN": "3547809", "NM_MUN": "Santo André", "CD_DIST": "354780910", "NM_DIST": "Paranapiacaba", "CD_SUBDIST": "35478091000", "NM_SUBDIST": null, "CD_BAIRRO": "3547809131", "NM_BAIRRO": "Rio Pequeno", "CD_RGINT": "3501", "NM_RGINT": "São Paulo", "CD_RGI": "350001", "NM_RGI": "São Paulo", "CD_CONCURB": "3550308", "NM_CONCURB": "São Paulo/SP" }, "geometry": { "type": "Polygon", "coordinates": [ [ [ -46.393028399999935, -23.812427 ], [ -46.393748, -23.81326 ], [ -46.394135, -23.814254 ], [ -46.394404, -23.814357 ], [ -46.394798, -23.81393 ], [ -46.395075, -23.813273 ], [ -46.395709, -23.812602 ], [ -46.395811, -23.81202 ], [ -46.396052, -23.811778 ], [ -46.397592, -23.812054 ], [ -46.398571, -23.81186 ], [ -46.40079, -23.811751 ], [ -46.401782, -23.811976 ], [ -46.402311, -23.811741 ], [ -46.402887, -23.812194 ], [ -46.403253, -23.812247 ], [ -46.404083, -23.811883 ], [ -46.404847, -23.812352 ], [ -46.405708, -23.812308 ], [ -46.406315, -23.812623 ], [ -46.407726, -23.812984 ], [ -46.408031, -23.813294 ], [ -46.40848, -23.814751 ], [ -46.408891, -23.815128 ], [ -46.410296, -23.815379 ], [ -46.411301, -23.814817 ], [ -46.412166, -23.815605 ], [ -46.413912, -23.81587 ], [ -46.41458, -23.815821 ], [ -46.415608, -23.81523 ], [ -46.416911, -23.814907 ], [ -46.417429, -23.813455 ], [ -46.417767, -23.813117 ], [ -46.41955, -23.813787 ], [ -46.420199, -23.813642 ], [ -46.420481, -23.812771 ], [ -46.421012, -23.812546 ], [ -46.42201, -23.812718 ], [ -46.422854, -23.813129 ], [ -46.423309, -23.813043 ], [ -46.424174, -23.812504 ], [ -46.425771, -23.812893 ], [ -46.426414, -23.812882 ], [ -46.427806, -23.811864 ], [ -46.429183, -23.811746 ], [ -46.429869, -23.811529 ], [ -46.431168, -23.81071 ], [ -46.431677, -23.810097 ], [ -46.432669, -23.808108 ], [ -46.432629, -23.807302 ], [ -46.43215, -23.805995 ], [ -46.431689, -23.805249 ], [ -46.43065, -23.804097 ], [ -46.430227, -23.80245 ], [ -46.430218, -23.801651 ], [ -46.430357, -23.801429 ], [ -46.430812, -23.801217 ], [ -46.434035, -23.801212 ], [ -46.437382799999966, -23.800128799999982 ], [ -46.435945899999979, -23.79871339999994 ], [ -46.434932499999945, -23.797328099999959 ], [ -46.434079, -23.797374 ], [ -46.43363869999996, -23.797089599999936 ], [ -46.433445199999937, -23.79674069999993 ], [ -46.432470799999976, -23.796174 ], [ -46.432418499999983, -23.795818899999972 ], [ -46.432828599999937, -23.795116199999939 ], [ -46.432955299999946, -23.794476499999973 ], [ -46.432622199999969, -23.791925099999958 ], [ -46.432280899999967, -23.790859799999964 ], [ -46.43113029999995, -23.78939639999993 ], [ -46.430989499999953, -23.788570799999945 ], [ -46.430495199999939, -23.78844179999993 ], [ -46.429993099999933, -23.787925199999961 ], [ -46.42913939999994, -23.787922599999945 ], [ -46.427632, -23.788672899999938 ], [ -46.427404, -23.78902549999998 ], [ -46.427501399999983, -23.790512599999943 ], [ -46.427845599999955, -23.790941299999929 ], [ -46.427235099999962, -23.791772499999979 ], [ -46.427904, -23.792727199999945 ], [ -46.427810299999976, -23.793573399999957 ], [ -46.427501399999983, -23.793852199999947 ], [ -46.427222099999938, -23.793805199999952 ], [ -46.427228599999978, -23.793506499999978 ], [ -46.426994799999932, -23.793246699999941 ], [ -46.426657, -23.793427 ], [ -46.426343299999985, -23.793385599999965 ], [ -46.426052199999958, -23.792998299999965 ], [ -46.425889799999936, -23.792133899999953 ], [ -46.425477899999976, -23.791735699999947 ], [ -46.424851799999942, -23.791532199999949 ], [ -46.423617799999931, -23.791382899999974 ], [ -46.423163299999942, -23.79149979999994 ], [ -46.422241099999951, -23.792116699999951 ], [ -46.421816899999953, -23.792115299999978 ], [ -46.422428, -23.790965 ], [ -46.422093, -23.790658 ], [ -46.42149, -23.790711 ], [ -46.421125, -23.791162 ], [ -46.420348, -23.791306 ], [ -46.419901, -23.791949 ], [ -46.419177499999932, -23.792322899999931 ], [ -46.41884, -23.792284199999983 ], [ -46.418801299999984, -23.792133699999965 ], [ -46.419649, -23.791468 ], [ -46.419801, -23.791126 ], [ -46.419833, -23.790518 ], [ -46.419515899999965, -23.79022729999997 ], [ -46.419456699999955, -23.78995139999995 ], [ -46.419649, -23.789580399999977 ], [ -46.420023399999934, -23.78933429999995 ], [ -46.42014469999998, -23.788880199999937 ], [ -46.42113379999995, -23.788753299999939 ], [ -46.421051499999976, -23.789105 ], [ -46.421234, -23.789629 ], [ -46.421622799999966, -23.789775299999974 ], [ -46.42177479999998, -23.78963129999994 ], [ -46.421888199999955, -23.788810199999944 ], [ -46.422337199999959, -23.788030299999946 ], [ -46.42321, -23.78755469999993 ], [ -46.423893599999985, -23.786921699999937 ], [ -46.423657, -23.786676899999975 ], [ -46.422857699999952, -23.786808199999939 ], [ -46.423132, -23.78599 ], [ -46.422626, -23.784883 ], [ -46.421767, -23.783970899999929 ], [ -46.421837699999969, -23.783252899999979 ], [ -46.421504499999969, -23.78336719999993 ], [ -46.421027099999947, -23.783212299999946 ], [ -46.419591299999979, -23.78352179999996 ], [ -46.419185899999945, -23.78341359999996 ], [ -46.419145399999934, -23.783685599999956 ], [ -46.419320299999981, -23.783902199999943 ], [ -46.418903399999977, -23.783707199999981 ], [ -46.41905, -23.784111399999972 ], [ -46.418950399999972, -23.784179599999959 ], [ -46.418393499999979, -23.784100699999954 ], [ -46.417756399999973, -23.784556 ], [ -46.417153699999972, -23.784763399999974 ], [ -46.416775799999982, -23.7845 ], [ -46.416355199999941, -23.784775499999967 ], [ -46.416010299999982, -23.784756399999935 ], [ -46.415654399999937, -23.784410699999967 ], [ -46.415203, -23.785167 ], [ -46.400414, -23.784415 ], [ -46.400353399999972, -23.781127699999956 ], [ -46.389545899999973, -23.780694 ], [ -46.388032899999985, -23.780765699999961 ], [ -46.384620199999972, -23.780192 ], [ -46.385095, -23.78452249999998 ], [ -46.385525499999972, -23.785330599999952 ], [ -46.384907899999973, -23.78638449999994 ], [ -46.384688399999959, -23.78738379999993 ], [ -46.385503899999946, -23.78872169999994 ], [ -46.386798399999975, -23.789882399999954 ], [ -46.386818699999935, -23.790664599999957 ], [ -46.384968399999934, -23.793177199999946 ], [ -46.386181, -23.794394 ], [ -46.387146799999982, -23.79450879999996 ], [ -46.389046199999939, -23.794270299999937 ], [ -46.389634399999977, -23.794902799999932 ], [ -46.389466399999947, -23.795624 ], [ -46.388196899999969, -23.796607299999948 ], [ -46.387075699999968, -23.797789299999977 ], [ -46.387742699999933, -23.799546899999939 ], [ -46.390153599999962, -23.799794599999927 ], [ -46.390792099999942, -23.800185499999941 ], [ -46.390857799999935, -23.801239399999929 ], [ -46.391256799999951, -23.802628899999945 ], [ -46.391281799999945, -23.805345599999953 ], [ -46.391558599999939, -23.808992799999942 ], [ -46.391432299999963, -23.809919299999933 ], [ -46.392993, -23.81183 ], [ -46.393028399999935, -23.812427 ] ] ] } },
{ "type": "Feature", "properties": { "CD_REGIAO": "3", "NM_REGIAO": "Sudeste", "CD_UF": "35", "NM_UF": "São Paulo", "CD_MUN": "3547809", "NM_MUN": "Santo André", "CD_DIST": "354780910", "NM_DIST": "Paranapiacaba", "CD_SUBDIST": "35478091000", "NM_SUBDIST": null, "CD_BAIRRO": "3547809098", "NM_BAIRRO": "Acampamento Anchieta", "CD_RGINT": "3501", "NM_RGINT": "São Paulo", "CD_RGI": "350001", "NM_RGI": "São Paulo", "CD_CONCURB": "3550308", "NM_CONCURB": "São Paulo/SP" }, "geometry": { "type": "Polygon", "coordinates": [ [ [ -46.432319599999971, -23.77516369999995 ], [ -46.431710599999974, -23.779556599999978 ], [ -46.431187899999941, -23.780779199999927 ], [ -46.431590399999948, -23.781204099999968 ], [ -46.431400499999938, -23.781777199999965 ], [ -46.431741899999963, -23.782406199999969 ], [ -46.432096199999933, -23.782540499999982 ], [ -46.432564099999979, -23.782456699999955 ], [ -46.43323879999997, -23.781236099999944 ], [ -46.433623499999953, -23.781622899999945 ], [ -46.433506199999954, -23.782107099999962 ], [ -46.433629599999961, -23.782278099999928 ], [ -46.433837299999936, -23.782225599999947 ], [ -46.43414649999994, -23.782586299999934 ], [ -46.434521199999949, -23.782422299999951 ], [ -46.434484299999951, -23.781771 ], [ -46.434722299999976, -23.781576799999982 ], [ -46.435339, -23.78292689999995 ], [ -46.436501499999963, -23.782940899999971 ], [ -46.436104, -23.781137099999967 ], [ -46.436316, -23.781193899999948 ], [ -46.436843099999976, -23.781970399999977 ], [ -46.437047799999959, -23.781979599999943 ], [ -46.437845599999946, -23.780960399999969 ], [ -46.437961599999937, -23.781006599999955 ], [ -46.437866499999984, -23.781421399999942 ], [ -46.43730359999995, -23.782106799999951 ], [ -46.43736709999996, -23.782501699999955 ], [ -46.437777799999935, -23.782681299999979 ], [ -46.438566, -23.782466399999976 ], [ -46.438341399999956, -23.78286479999997 ], [ -46.43885279999995, -23.783089299999972 ], [ -46.439157399999942, -23.78348219999998 ], [ -46.439690299999938, -23.783309499999973 ], [ -46.440235499999972, -23.783389599999964 ], [ -46.440886399999954, -23.782910399999935 ], [ -46.441073099999983, -23.783363399999928 ], [ -46.441592899999932, -23.783313499999963 ], [ -46.441099599999973, -23.784063 ], [ -46.441046299999982, -23.784477799999934 ], [ -46.44127919999994, -23.784859799999936 ], [ -46.441730299999961, -23.784989899999971 ], [ -46.442165299999942, -23.784462299999973 ], [ -46.442560899999933, -23.78562949999997 ], [ -46.443627, -23.785425099999941 ], [ -46.443812399999956, -23.784685199999956 ], [ -46.444165599999963, -23.784612599999946 ], [ -46.444202699999948, -23.784830899999974 ], [ -46.444634399999984, -23.784950399999957 ], [ -46.44449069999996, -23.784526 ], [ -46.44460689999994, -23.784432399999957 ], [ -46.444954199999984, -23.784526799999981 ], [ -46.44513939999996, -23.785151499999984 ], [ -46.445284699999945, -23.785258599999963 ], [ -46.445483399999944, -23.785146899999972 ], [ -46.446063599999945, -23.784282399999938 ], [ -46.445972599999948, -23.783780299999933 ], [ -46.446314499999971, -23.783411899999976 ], [ -46.446760299999937, -23.78322529999997 ], [ -46.446990299999982, -23.782903699999963 ], [ -46.44685839999994, -23.782670199999927 ], [ -46.447003799999948, -23.782448899999963 ], [ -46.447237399999949, -23.782451899999955 ], [ -46.447576799999979, -23.782134399999961 ], [ -46.447727199999974, -23.782855099999949 ], [ -46.447558699999945, -23.78305359999996 ], [ -46.447647699999948, -23.784004 ], [ -46.447445799999969, -23.784203099999957 ], [ -46.447483099999943, -23.784629399999972 ], [ -46.448558599999956, -23.784849099999974 ], [ -46.449167799999941, -23.784188299999983 ], [ -46.449274199999934, -23.78373 ], [ -46.449504799999943, -23.783494 ], [ -46.449551699999972, -23.783829799999978 ], [ -46.449949099999969, -23.784359 ], [ -46.450139499999977, -23.78531879999997 ], [ -46.451311299999986, -23.784736599999974 ], [ -46.451413599999967, -23.784366699999964 ], [ -46.451246699999956, -23.78357879999993 ], [ -46.451440899999966, -23.782867799999963 ], [ -46.45134749999994, -23.782405799999935 ], [ -46.451965099999939, -23.781808199999944 ], [ -46.452221499999951, -23.780449099999942 ], [ -46.451951, -23.780110899999954 ], [ -46.451417299999946, -23.779888099999937 ], [ -46.451031, -23.780034899999976 ], [ -46.451071599999977, -23.779511499999956 ], [ -46.450875699999983, -23.779130099999975 ], [ -46.45051419999993, -23.778971799999965 ], [ -46.449373399999956, -23.779048 ], [ -46.44871859999995, -23.780167499999948 ], [ -46.448581899999965, -23.77996939999997 ], [ -46.448788199999967, -23.779256299999929 ], [ -46.448678699999959, -23.778883099999973 ], [ -46.448099, -23.778586099999927 ], [ -46.447072499999933, -23.778461399999969 ], [ -46.446321099999977, -23.777769 ], [ -46.444273899999985, -23.777723899999955 ], [ -46.443920499999933, -23.777512899999977 ], [ -46.443817599999932, -23.776798299999939 ], [ -46.443962899999974, -23.776569399999971 ], [ -46.444266, -23.776918799999976 ], [ -46.445166699999959, -23.776664799999935 ], [ -46.444984, -23.775589399999944 ], [ -46.445176199999935, -23.775408 ], [ -46.44544609999997, -23.775548499999957 ], [ -46.445893299999966, -23.776188799999943 ], [ -46.446111599999938, -23.77708789999997 ], [ -46.447578599999986, -23.777550299999973 ], [ -46.447969899999975, -23.777191499999958 ], [ -46.447834099999966, -23.777842599999929 ], [ -46.448784699999976, -23.778181599999982 ], [ -46.449178299999971, -23.777697199999977 ], [ -46.449039099999936, -23.778274 ], [ -46.449161299999957, -23.778452699999946 ], [ -46.449803699999961, -23.778335 ], [ -46.450014499999952, -23.778514299999983 ], [ -46.45144879999998, -23.778172699999971 ], [ -46.451543399999935, -23.777037699999937 ], [ -46.452025, -23.775966799999935 ], [ -46.452458299999932, -23.775764199999969 ], [ -46.452243, -23.778151499999979 ], [ -46.452447399999983, -23.778916299999935 ], [ -46.452672499999949, -23.779132199999935 ], [ -46.453029499999957, -23.778976299999954 ], [ -46.453380299999935, -23.778518599999927 ], [ -46.453824299999951, -23.778607099999931 ], [ -46.454103499999974, -23.77740289999997 ], [ -46.454237299999932, -23.777127699999937 ], [ -46.454453099999967, -23.777119499999969 ], [ -46.454706499999986, -23.777706499999965 ], [ -46.45442479999997, -23.778939299999934 ], [ -46.452570299999934, -23.781256 ], [ -46.452905299999941, -23.781801299999927 ], [ -46.454232899999965, -23.781765299999961 ], [ -46.454518599999972, -23.781612 ], [ -46.454412699999978, -23.782974499999966 ], [ -46.454650499999957, -23.783886 ], [ -46.454926899999975, -23.783943299999976 ], [ -46.455679699999962, -23.783225499999958 ], [ -46.456232099999966, -23.783103099999948 ], [ -46.456281, -23.782646799999952 ], [ -46.456976199999986, -23.781599699999958 ], [ -46.457078799999977, -23.780872699999975 ], [ -46.457569399999954, -23.780352499999935 ], [ -46.457731, -23.779594799999927 ], [ -46.457951799999933, -23.779565299999945 ], [ -46.458248099999935, -23.779977199999962 ], [ -46.457931699999961, -23.780684899999983 ], [ -46.457791499999985, -23.781781 ], [ -46.458102699999984, -23.781958799999927 ], [ -46.459434099999953, -23.782087799999942 ], [ -46.45926309999993, -23.782381399999963 ], [ -46.457691599999976, -23.782715199999927 ], [ -46.45607149999995, -23.783989 ], [ -46.455896399999972, -23.784448099999963 ], [ -46.455990199999974, -23.78477769999995 ], [ -46.456635499999948, -23.785369599999967 ], [ -46.457227, -23.786348 ], [ -46.456965, -23.785042 ], [ -46.457278, -23.784573 ], [ -46.457803, -23.784318 ], [ -46.45872, -23.784192 ], [ -46.459217, -23.784333 ], [ -46.459737, -23.784762 ], [ -46.460287, -23.784757 ], [ -46.461166, -23.783983 ], [ -46.461975, -23.782534 ], [ -46.463836, -23.781492 ], [ -46.464168, -23.780961 ], [ -46.464229, -23.780087 ], [ -46.464569, -23.77896 ], [ -46.464213, -23.778737 ], [ -46.463828, -23.778024 ], [ -46.463504, -23.778027 ], [ -46.462523, -23.778502 ], [ -46.462131, -23.778267 ], [ -46.461797, -23.776301 ], [ -46.461547, -23.776005 ], [ -46.4604, -23.77561 ], [ -46.460267, -23.775337 ], [ -46.461916, -23.77306 ], [ -46.461085, -23.773044 ], [ -46.460848, -23.77276 ], [ -46.460541, -23.770853 ], [ -46.459803, -23.769929 ], [ -46.460188, -23.769496 ], [ -46.460214, -23.767205 ], [ -46.457603, -23.768207 ], [ -46.457229, -23.767451 ], [ -46.45682, -23.767669 ], [ -46.45533, -23.767469 ], [ -46.45476, -23.767754 ], [ -46.453953, -23.768573 ], [ -46.451858, -23.769415 ], [ -46.450835, -23.770809 ], [ -46.45058, -23.770903 ], [ -46.447994, -23.76954 ], [ -46.447204, -23.769612 ], [ -46.445547, -23.770236 ], [ -46.444725, -23.770273 ], [ -46.444489, -23.769865 ], [ -46.444647, -23.769036 ], [ -46.444524, -23.768803 ], [ -46.44423, -23.768698 ], [ -46.442148, -23.769232 ], [ -46.441894, -23.768827 ], [ -46.441743, -23.767647 ], [ -46.441251, -23.766866 ], [ -46.441092399999945, -23.766870199999971 ], [ -46.440179399999977, -23.767155899999977 ], [ -46.440182099999959, -23.76769829999995 ], [ -46.440632, -23.767951899999957 ], [ -46.440641299999982, -23.769132599999978 ], [ -46.440776099999937, -23.769415099999947 ], [ -46.440331399999934, -23.770520899999951 ], [ -46.439941199999964, -23.770901499999979 ], [ -46.439379, -23.770918399999971 ], [ -46.43837659999997, -23.771356799999978 ], [ -46.437815, -23.771303 ], [ -46.437598399999956, -23.770910599999979 ], [ -46.436946299999931, -23.771050899999977 ], [ -46.436914299999955, -23.77204409999996 ], [ -46.437458599999957, -23.774273099999959 ], [ -46.436851399999966, -23.775599199999931 ], [ -46.436975599999982, -23.776476499999944 ], [ -46.432319599999971, -23.77516369999995 ] ] ] } },
{ "type": "Feature", "properties": { "CD_REGIAO": "3", "NM_REGIAO": "Sudeste", "CD_UF": "35", "NM_UF": "São Paulo", "CD_MUN": "3547809", "NM_MUN": "Santo André", "CD_DIST": "354780910", "NM_DIST": "Paranapiacaba", "CD_SUBDIST": "35478091000", "NM_SUBDIST": null, "CD_BAIRRO": "3547809130", "NM_BAIRRO": "Araçaúva", "CD_RGINT": "3501", "NM_RGINT": "São Paulo", "CD_RGI": "350001", "NM_RGI": "São Paulo", "CD_CONCURB": "3550308", "NM_CONCURB": "São Paulo/SP" }, "geometry": { "type": "Polygon", "coordinates": [ [ [ -46.32809, -23.728387 ], [ -46.324873, -23.730991 ], [ -46.324362, -23.733222 ], [ -46.322776, -23.734643 ], [ -46.322254, -23.735448 ], [ -46.3203, -23.736211 ], [ -46.318737, -23.73602 ], [ -46.318049, -23.736313 ], [ -46.317309, -23.736967 ], [ -46.316844, -23.738085 ], [ -46.316778, -23.739231 ], [ -46.316958, -23.739671 ], [ -46.317604, -23.740288 ], [ -46.318398, -23.741526 ], [ -46.319333, -23.7425 ], [ -46.320084, -23.743051 ], [ -46.321343, -23.743538 ], [ -46.32195, -23.744177 ], [ -46.321705, -23.744731 ], [ -46.320392, -23.745275 ], [ -46.319966, -23.745378 ], [ -46.318684899999937, -23.745033499999977 ], [ -46.319392499999935, -23.745906899999966 ], [ -46.319975499999941, -23.747513699999956 ], [ -46.320458899999949, -23.747961099999941 ], [ -46.320292699999982, -23.74882249999996 ], [ -46.320593299999985, -23.749138399999936 ], [ -46.320763499999941, -23.749754899999971 ], [ -46.321159499999965, -23.74994049999998 ], [ -46.322767, -23.750139499999932 ], [ -46.323363299999983, -23.750865899999951 ], [ -46.324141199999985, -23.751219499999934 ], [ -46.32485, -23.752113699999938 ], [ -46.325359499999934, -23.752430699999934 ], [ -46.325880499999982, -23.753603 ], [ -46.327694, -23.753436499999964 ], [ -46.328870699999982, -23.753721399999961 ], [ -46.329263599999933, -23.753512 ], [ -46.329835599999967, -23.753649699999983 ], [ -46.330595799999969, -23.753385399999956 ], [ -46.331374399999959, -23.753438799999969 ], [ -46.331126, -23.753254 ], [ -46.331631, -23.752516 ], [ -46.332789, -23.752272 ], [ -46.334814, -23.752886 ], [ -46.335138, -23.753208 ], [ -46.335605, -23.753309 ], [ -46.335599, -23.754051 ], [ -46.335846, -23.754252 ], [ -46.336331, -23.754 ], [ -46.336299, -23.751564 ], [ -46.336766, -23.738885 ], [ -46.338907, -23.739014 ], [ -46.341549, -23.734382 ], [ -46.341357, -23.733042 ], [ -46.341133, -23.732585 ], [ -46.340781, -23.732295 ], [ -46.340423, -23.732101 ], [ -46.33873, -23.731776 ], [ -46.338389, -23.731399 ], [ -46.33791, -23.729734 ], [ -46.337856, -23.727835 ], [ -46.337208, -23.727251 ], [ -46.336816, -23.725958 ], [ -46.336236, -23.725582 ], [ -46.335521, -23.725563 ], [ -46.334498, -23.726521 ], [ -46.333439, -23.727219 ], [ -46.332942, -23.727321 ], [ -46.332051, -23.727066 ], [ -46.331299, -23.726517 ], [ -46.330907, -23.72652 ], [ -46.330482, -23.726721 ], [ -46.329111, -23.72814 ], [ -46.32809, -23.728387 ] ] ] } },
{ "type": "Feature", "properties": { "CD_REGIAO": "3", "NM_REGIAO": "Sudeste", "CD_UF": "35", "NM_UF": "São Paulo", "CD_MUN": "3547809", "NM_MUN": "Santo André", "CD_DIST": "354780910", "NM_DIST": "Paranapiacaba", "CD_SUBDIST": "35478091000", "NM_SUBDIST": null, "CD_BAIRRO": "3547809099", "NM_BAIRRO": "Jardim Guaripocaba", "CD_RGINT": "3501", "NM_RGINT": "São Paulo", "CD_RGI": "350001", "NM_RGI": "São Paulo", "CD_CONCURB": "3550308", "NM_CONCURB": "São Paulo/SP" }, "geometry": { "type": "Polygon", "coordinates": [ [ [ -46.428875, -23.765675 ], [ -46.428368, -23.766362 ], [ -46.428061, -23.767575 ], [ -46.427909, -23.76771 ], [ -46.43014119999998, -23.775829599999952 ], [ -46.432319599999971, -23.77516369999995 ], [ -46.436975599999982, -23.776476499999944 ], [ -46.436851399999966, -23.775599199999931 ], [ -46.437458599999957, -23.774273099999959 ], [ -46.436914299999955, -23.77204409999996 ], [ -46.436946299999931, -23.771050899999977 ], [ -46.437598399999956, -23.770910599999979 ], [ -46.437815, -23.771303 ], [ -46.43837659999997, -23.771356799999978 ], [ -46.439379, -23.770918399999971 ], [ -46.439941199999964, -23.770901499999979 ], [ -46.440331399999934, -23.770520899999951 ], [ -46.440776099999937, -23.769415099999947 ], [ -46.440641299999982, -23.769132599999978 ], [ -46.440632, -23.767951899999957 ], [ -46.440182099999959, -23.76769829999995 ], [ -46.440179399999977, -23.767155899999977 ], [ -46.441251, -23.766866 ], [ -46.440577, -23.766138 ], [ -46.439871, -23.766046 ], [ -46.438678, -23.767229 ], [ -46.437699, -23.767651 ], [ -46.436759, -23.767758 ], [ -46.434182, -23.767243 ], [ -46.433052, -23.767247 ], [ -46.432898, -23.766858 ], [ -46.432474, -23.766475 ], [ -46.431327, -23.766347 ], [ -46.430827, -23.765625 ], [ -46.430308, -23.765338 ], [ -46.429792, -23.765307 ], [ -46.429234, -23.765644 ], [ -46.428875, -23.765675 ] ] ] } },
{ "type": "Feature", "properties": { "CD_REGIAO": "3", "NM_REGIAO": "Sudeste", "CD_UF": "35", "NM_UF": "São Paulo", "CD_MUN": "3547809", "NM_MUN": "Santo André", "CD_DIST": "354780910", "NM_DIST": "Paranapiacaba", "CD_SUBDIST": "35478091000", "NM_SUBDIST": null, "CD_BAIRRO": "3547809107", "NM_BAIRRO": "Estância Rio Grande", "CD_RGINT": "3501", "NM_RGINT": "São Paulo", "CD_RGI": "350001", "NM_RGI": "São Paulo", "CD_CONCURB": "3550308", "NM_CONCURB": "São Paulo/SP" }, "geometry": { "type": "Polygon", "coordinates": [ [ [ -46.371378, -23.752677 ], [ -46.371057, -23.753009 ], [ -46.370552, -23.754115 ], [ -46.37026, -23.75429 ], [ -46.369717, -23.754123 ], [ -46.36894, -23.752869 ], [ -46.368537, -23.752637 ], [ -46.367828, -23.752741 ], [ -46.366909, -23.753272 ], [ -46.365127, -23.75304 ], [ -46.36395, -23.753722 ], [ -46.364534, -23.754308 ], [ -46.363698899999974, -23.759111699999949 ], [ -46.364116399999943, -23.75911739999998 ], [ -46.364090199999964, -23.759647 ], [ -46.365254, -23.760094599999945 ], [ -46.365833299999963, -23.759963499999969 ], [ -46.366916299999957, -23.760035499999958 ], [ -46.369169699999929, -23.761805699999968 ], [ -46.373680599999943, -23.759022 ], [ -46.375468799999965, -23.75813919999996 ], [ -46.374527, -23.756595 ], [ -46.373745, -23.75576 ], [ -46.37371, -23.754906 ], [ -46.373251, -23.754074 ], [ -46.373056, -23.752645 ], [ -46.372814, -23.752469 ], [ -46.372085, -23.752404 ], [ -46.371378, -23.752677 ] ] ] } },
{ "type": "Feature", "properties": { "CD_REGIAO": "3", "NM_REGIAO": "Sudeste", "CD_UF": "35", "NM_UF": "São Paulo", "CD_MUN": "3547809", "NM_MUN": "Santo André", "CD_DIST": "354780910", "NM_DIST": "Paranapiacaba", "CD_SUBDIST": "35478091000", "NM_SUBDIST": null, "CD_BAIRRO": "3547809108", "NM_BAIRRO": "Jardim Joaquim Eugênio de Lima", "CD_RGINT": "3501", "NM_RGINT": "São Paulo", "CD_RGI": "350001", "NM_RGI": "São Paulo", "CD_CONCURB": "3550308", "NM_CONCURB": "São Paulo/SP" }, "geometry": { "type": "Polygon", "coordinates": [ [ [ -46.359645, -23.743314 ], [ -46.361303, -23.743349 ], [ -46.361571, -23.743247 ], [ -46.361748, -23.742864 ], [ -46.361132, -23.740697 ], [ -46.360784, -23.740171 ], [ -46.360153799999978, -23.739728399999933 ], [ -46.358770499999935, -23.739406499999973 ], [ -46.357612, -23.739851 ], [ -46.356891, -23.739724 ], [ -46.355296, -23.738827 ], [ -46.355005, -23.738414 ], [ -46.354772399999945, -23.737501 ], [ -46.354506799999967, -23.737217099999953 ], [ -46.35305969999996, -23.736438599999929 ], [ -46.351614, -23.736289 ], [ -46.350167, -23.735572 ], [ -46.349772, -23.735725 ], [ -46.349111, -23.736311 ], [ -46.346593, -23.736548 ], [ -46.345785, -23.736771 ], [ -46.345193, -23.737057 ], [ -46.344286, -23.738176 ], [ -46.343964, -23.738262 ], [ -46.343382, -23.737869 ], [ -46.343427, -23.735116 ], [ -46.342073, -23.734764 ], [ -46.341549, -23.734382 ], [ -46.338907, -23.739014 ], [ -46.336766, -23.738885 ], [ -46.336227, -23.755929 ], [ -46.336782, -23.755686 ], [ -46.339407, -23.759437899999966 ], [ -46.341504799999939, -23.758815499999969 ], [ -46.342389099999934, -23.758701499999972 ], [ -46.343242299999986, -23.758109599999955 ], [ -46.34354, -23.757714 ], [ -46.344198499999948, -23.758242699999983 ], [ -46.344919899999979, -23.758227399999953 ], [ -46.34507259999998, -23.758010199999944 ], [ -46.344995, -23.757505 ], [ -46.345487599999956, -23.756844199999932 ], [ -46.346355499999959, -23.756796799999961 ], [ -46.347028799999975, -23.75654389999994 ], [ -46.34780539999997, -23.755868599999928 ], [ -46.348121299999946, -23.755850599999974 ], [ -46.349024499999985, -23.756383699999958 ], [ -46.349252599999943, -23.756375499999933 ], [ -46.349810199999979, -23.756081399999971 ], [ -46.349875499999939, -23.755878899999971 ], [ -46.350846699999977, -23.755536699999936 ], [ -46.352818499999955, -23.756972499999961 ], [ -46.353381299999967, -23.757633599999963 ], [ -46.353940299999977, -23.757841399999961 ], [ -46.354572299999973, -23.757433399999968 ], [ -46.354962599999965, -23.757390599999951 ], [ -46.355656, -23.757621299999983 ], [ -46.356767299999944, -23.757677699999931 ], [ -46.357929399999932, -23.757267699999943 ], [ -46.358083799999974, -23.757145 ], [ -46.357985299999939, -23.756794099999979 ], [ -46.358130099999983, -23.756689499999936 ], [ -46.358797, -23.756815599999982 ], [ -46.359263699999985, -23.756398 ], [ -46.359902899999952, -23.756229499999961 ], [ -46.360307499999976, -23.755767799999944 ], [ -46.36070929999994, -23.755759399999931 ], [ -46.361155699999983, -23.756302799999958 ], [ -46.361735299999964, -23.756375899999966 ], [ -46.36187289999998, -23.756791499999963 ], [ -46.362206299999968, -23.757046899999978 ], [ -46.362202699999955, -23.757356099999981 ], [ -46.362657299999967, -23.757731899999953 ], [ -46.36243079999997, -23.758153099999959 ], [ -46.36284779999994, -23.758626499999934 ], [ -46.363265599999977, -23.758781399999975 ], [ -46.363254, -23.75911259999998 ], [ -46.363698899999974, -23.759111699999949 ], [ -46.364534, -23.754308 ], [ -46.36395, -23.753722 ], [ -46.365127, -23.75304 ], [ -46.364348, -23.752569 ], [ -46.363173, -23.751269 ], [ -46.361315, -23.750602 ], [ -46.36063, -23.749538 ], [ -46.359648, -23.748685 ], [ -46.359154, -23.747993 ], [ -46.358711, -23.746836 ], [ -46.358918, -23.746122 ], [ -46.358758, -23.744565 ], [ -46.359054, -23.743684 ], [ -46.359645, -23.743314 ] ] ] } },
{ "type": "Feature", "properties": { "CD_REGIAO": "3", "NM_REGIAO": "Sudeste", "CD_UF": "35", "NM_UF": "São Paulo", "CD_MUN": "3547809", "NM_MUN": "Santo André", "CD_DIST": "354780910", "NM_DIST": "Paranapiacaba", "CD_SUBDIST": "35478091000", "NM_SUBDIST": null, "CD_BAIRRO": "3547809113", "NM_BAIRRO": "Paranapiacaba", "CD_RGINT": "3501", "NM_RGINT": "São Paulo", "CD_RGI": "350001", "NM_RGI": "São Paulo", "CD_CONCURB": "3550308", "NM_CONCURB": "São Paulo/SP" }, "geometry": { "type": "Polygon", "coordinates": [ [ [ -46.298899, -23.774272 ], [ -46.297542, -23.775605 ], [ -46.296877, -23.775312 ], [ -46.296094, -23.776251 ], [ -46.29673, -23.778873 ], [ -46.298112, -23.779387 ], [ -46.298767, -23.781305 ], [ -46.300217, -23.78097 ], [ -46.301636499999972, -23.781632399999978 ], [ -46.30136, -23.781749 ], [ -46.302193399999965, -23.782005099999935 ], [ -46.303346699999963, -23.782055899999932 ], [ -46.304200699999967, -23.78191 ], [ -46.304583, -23.780495 ], [ -46.305453, -23.781128 ], [ -46.307018, -23.782693 ], [ -46.308892, -23.784142 ], [ -46.309858, -23.7854 ], [ -46.314283, -23.781704 ], [ -46.310805, -23.782021 ], [ -46.310871, -23.780825 ], [ -46.306647, -23.779323 ], [ -46.307122, -23.778788 ], [ -46.307270499999959, -23.776347 ], [ -46.307575299999939, -23.775592399999937 ], [ -46.307029, -23.775102899999979 ], [ -46.30702, -23.774418699999956 ], [ -46.307638699999984, -23.773323299999959 ], [ -46.305805199999952, -23.772808 ], [ -46.304490699999974, -23.772855199999981 ], [ -46.303425799999957, -23.773324799999955 ], [ -46.302377899999954, -23.774516699999936 ], [ -46.300631799999962, -23.774621099999933 ], [ -46.29996529999994, -23.773679099999981 ], [ -46.298899, -23.774272 ] ] ] } },
{ "type": "Feature", "properties": { "CD_REGIAO": "3", "NM_REGIAO": "Sudeste", "CD_UF": "35", "NM_UF": "São Paulo", "CD_MUN": "3547809", "NM_MUN": "Santo André", "CD_DIST": "354780910", "NM_DIST": "Paranapiacaba", "CD_SUBDIST": "35478091000", "NM_SUBDIST": null, "CD_BAIRRO": "3547809104", "NM_BAIRRO": "Rio Grande", "CD_RGINT": "3501", "NM_RGINT": "São Paulo", "CD_RGI": "350001", "NM_RGI": "São Paulo", "CD_CONCURB": "3550308", "NM_CONCURB": "São Paulo/SP" }, "geometry": { "type": "Polygon", "coordinates": [ [ [ -46.305112899999983, -23.770264 ], [ -46.30552, -23.769663 ], [ -46.305727, -23.769863 ], [ -46.310326, -23.765484 ], [ -46.311032, -23.765922 ], [ -46.311556, -23.76577 ], [ -46.311612, -23.765446 ], [ -46.311463, -23.765179 ], [ -46.310593, -23.764419 ], [ -46.310576, -23.764204 ], [ -46.3112, -23.763768 ], [ -46.31428, -23.763311 ], [ -46.315627, -23.763447 ], [ -46.316878, -23.764244 ], [ -46.317179, -23.765103 ], [ -46.319206, -23.764615 ], [ -46.319747, -23.76465 ], [ -46.31978, -23.764986 ], [ -46.320543399999963, -23.762708199999963 ], [ -46.319976499999939, -23.76164 ], [ -46.32000789999995, -23.761191399999973 ], [ -46.32081919999996, -23.75985339999994 ], [ -46.321499, -23.757825699999955 ], [ -46.323902199999964, -23.755613399999959 ], [ -46.324302299999943, -23.755540699999983 ], [ -46.325880499999982, -23.753603 ], [ -46.325359499999934, -23.752430699999934 ], [ -46.32485, -23.752113699999938 ], [ -46.324141199999985, -23.751219499999934 ], [ -46.323363299999983, -23.750865899999951 ], [ -46.322767, -23.750139499999932 ], [ -46.321159499999965, -23.74994049999998 ], [ -46.320763499999941, -23.749754899999971 ], [ -46.320593299999985, -23.749138399999936 ], [ -46.320292699999982, -23.74882249999996 ], [ -46.320458899999949, -23.747961099999941 ], [ -46.319975499999941, -23.747513699999956 ], [ -46.319392499999935, -23.745906899999966 ], [ -46.318684899999937, -23.745033499999977 ], [ -46.316725, -23.744882 ], [ -46.315584, -23.744464 ], [ -46.315265, -23.744566 ], [ -46.314666, -23.745128 ], [ -46.313355, -23.745498 ], [ -46.312199, -23.74731 ], [ -46.31181, -23.747445 ], [ -46.310458, -23.747423 ], [ -46.309714, -23.747659 ], [ -46.308654, -23.748323 ], [ -46.308298, -23.748359 ], [ -46.306569, -23.74781 ], [ -46.304146, -23.749151 ], [ -46.303653, -23.749614 ], [ -46.302717, -23.751027 ], [ -46.302403, -23.751245 ], [ -46.301391, -23.751214 ], [ -46.300307, -23.750804 ], [ -46.298509, -23.751017 ], [ -46.29788, -23.749789 ], [ -46.296698, -23.748717 ], [ -46.295438, -23.748501 ], [ -46.294472, -23.748789 ], [ -46.29391, -23.749246 ], [ -46.293406, -23.750526 ], [ -46.292937, -23.751052 ], [ -46.291213, -23.752074 ], [ -46.290186, -23.753504 ], [ -46.289546, -23.754089 ], [ -46.288005, -23.754809 ], [ -46.285926, -23.75774 ], [ -46.2856, -23.75841 ], [ -46.285277, -23.760591 ], [ -46.285494, -23.762935 ], [ -46.285089, -23.763543 ], [ -46.283487, -23.764523 ], [ -46.283416, -23.765068 ], [ -46.283817, -23.766084 ], [ -46.283478, -23.766931 ], [ -46.28214, -23.767993 ], [ -46.279338, -23.76952 ], [ -46.278391, -23.770307 ], [ -46.281107, -23.773365 ], [ -46.283506, -23.775315 ], [ -46.284567, -23.776734 ], [ -46.28522, -23.777232 ], [ -46.287204, -23.778025 ], [ -46.288873, -23.77969 ], [ -46.29133, -23.781208 ], [ -46.293843, -23.7837 ], [ -46.295406, -23.785665 ], [ -46.296041, -23.787214 ], [ -46.296665, -23.787747 ], [ -46.29745, -23.788104 ], [ -46.297975, -23.788137 ], [ -46.299054, -23.786929 ], [ -46.30061, -23.787144 ], [ -46.30174, -23.787508 ], [ -46.303279, -23.788351 ], [ -46.304005, -23.788935 ], [ -46.304904699999952, -23.790002299999969 ], [ -46.305, -23.789724 ], [ -46.309858, -23.7854 ], [ -46.308892, -23.784142 ], [ -46.307018, -23.782693 ], [ -46.305453, -23.781128 ], [ -46.304583, -23.780495 ], [ -46.304200699999967, -23.78191 ], [ -46.303346699999963, -23.782055899999932 ], [ -46.302193399999965, -23.782005099999935 ], [ -46.30136, -23.781749 ], [ -46.301636499999972, -23.781632399999978 ], [ -46.300217, -23.78097 ], [ -46.298767, -23.781305 ], [ -46.298112, -23.779387 ], [ -46.29673, -23.778873 ], [ -46.296094, -23.776251 ], [ -46.296877, -23.775312 ], [ -46.297542, -23.775605 ], [ -46.298899, -23.774272 ], [ -46.29996529999994, -23.773679099999981 ], [ -46.300631799999962, -23.774621099999933 ], [ -46.302377899999954, -23.774516699999936 ], [ -46.303425799999957, -23.773324799999955 ], [ -46.304490699999974, -23.772855199999981 ], [ -46.305805199999952, -23.772808 ], [ -46.307638699999984, -23.773323299999959 ], [ -46.307736, -23.773151 ], [ -46.306325399999935, -23.771134599999982 ], [ -46.305469499999958, -23.770710399999928 ], [ -46.305112899999983, -23.770264 ] ] ] } },
{ "type": "Feature", "properties": { "CD_REGIAO": "3", "NM_REGIAO": "Sudeste", "CD_UF": "35", "NM_UF": "São Paulo", "CD_MUN": "3547809", "NM_MUN": "Santo André", "CD_DIST": "354780910", "NM_DIST": "Paranapiacaba", "CD_SUBDIST": "35478091000", "NM_SUBDIST": null, "CD_BAIRRO": "3547809128", "NM_BAIRRO": "Rio Bonito", "CD_RGINT": "3501", "NM_RGINT": "São Paulo", "CD_RGI": "350001", "NM_RGI": "São Paulo", "CD_CONCURB": "3550308", "NM_CONCURB": "São Paulo/SP" }, "geometry": { "type": "Polygon", "coordinates": [ [ [ -46.325880499999982, -23.753603 ], [ -46.324302299999943, -23.755540699999983 ], [ -46.323902199999964, -23.755613399999959 ], [ -46.321499, -23.757825699999955 ], [ -46.32081919999996, -23.75985339999994 ], [ -46.32000789999995, -23.761191399999973 ], [ -46.319976499999939, -23.76164 ], [ -46.320543399999963, -23.762708199999963 ], [ -46.31978, -23.764986 ], [ -46.319747, -23.76465 ], [ -46.319206, -23.764615 ], [ -46.317179, -23.765103 ], [ -46.316878, -23.764244 ], [ -46.315627, -23.763447 ], [ -46.31428, -23.763311 ], [ -46.3112, -23.763768 ], [ -46.310576, -23.764204 ], [ -46.310593, -23.764419 ], [ -46.311463, -23.765179 ], [ -46.311612, -23.765446 ], [ -46.311556, -23.76577 ], [ -46.311032, -23.765922 ], [ -46.310326, -23.765484 ], [ -46.305727, -23.769863 ], [ -46.30552, -23.769663 ], [ -46.305112899999983, -23.770264 ], [ -46.305469499999958, -23.770710399999928 ], [ -46.306325399999935, -23.771134599999982 ], [ -46.307736, -23.773151 ], [ -46.30702, -23.774418699999956 ], [ -46.307029, -23.775102899999979 ], [ -46.307572599999958, -23.775528 ], [ -46.307270499999959, -23.776347 ], [ -46.3073, -23.776886 ], [ -46.307982, -23.776416 ], [ -46.31125, -23.775162 ], [ -46.313972299999932, -23.773479299999963 ], [ -46.315014099999985, -23.77316849999994 ], [ -46.319707299999948, -23.773167299999955 ], [ -46.320501099999944, -23.773387899999932 ], [ -46.322161699999981, -23.774345799999935 ], [ -46.323259, -23.774449 ], [ -46.337774799999977, -23.770764699999972 ], [ -46.340776099999971, -23.769404399999928 ], [ -46.342775299999971, -23.769019199999946 ], [ -46.342504, -23.768612 ], [ -46.342235, -23.767276299999935 ], [ -46.341545899999971, -23.766966499999967 ], [ -46.34106, -23.765956 ], [ -46.339065399999981, -23.763681399999939 ], [ -46.339069, -23.763141 ], [ -46.340002, -23.761429599999929 ], [ -46.339992699999982, -23.761284 ], [ -46.339098399999955, -23.760771099999943 ], [ -46.33905169999997, -23.760581599999966 ], [ -46.338783399999954, -23.760580699999934 ], [ -46.338784399999952, -23.760105799999963 ], [ -46.339407, -23.759437899999966 ], [ -46.336782, -23.755686 ], [ -46.336227, -23.755929 ], [ -46.336331, -23.754 ], [ -46.335846, -23.754252 ], [ -46.335651, -23.754157 ], [ -46.335605, -23.753309 ], [ -46.335138, -23.753208 ], [ -46.334814, -23.752886 ], [ -46.3324, -23.752259 ], [ -46.331785, -23.752425 ], [ -46.331431, -23.752709 ], [ -46.331126, -23.753254 ], [ -46.331374399999959, -23.753438799999969 ], [ -46.330595799999969, -23.753385399999956 ], [ -46.329835599999967, -23.753649699999983 ], [ -46.329263599999933, -23.753512 ], [ -46.328870699999982, -23.753721399999961 ], [ -46.327694, -23.753436499999964 ], [ -46.325880499999982, -23.753603 ] ] ] } },
{ "type": "Feature", "properties": { "CD_REGIAO": "3", "NM_REGIAO": "Sudeste", "CD_UF": "35", "NM_UF": "São Paulo", "CD_MUN": "3547809", "NM_MUN": "Santo André", "CD_DIST": "354780910", "NM_DIST": "Paranapiacaba", "CD_SUBDIST": "35478091000", "NM_SUBDIST": null, "CD_BAIRRO": "3547809100", "NM_BAIRRO": "Parque das Garças", "CD_RGINT": "3501", "NM_RGINT": "São Paulo", "CD_RGI": "350001", "NM_RGI": "São Paulo", "CD_CONCURB": "3550308", "NM_CONCURB": "São Paulo/SP" }, "geometry": { "type": "Polygon", "coordinates": [ [ [ -46.430989499999953, -23.788570799999945 ], [ -46.43113029999995, -23.78939639999993 ], [ -46.432280899999967, -23.790859799999964 ], [ -46.43280939999994, -23.792690799999946 ], [ -46.432955299999946, -23.794476499999973 ], [ -46.432828599999937, -23.795116199999939 ], [ -46.432418499999983, -23.795818899999972 ], [ -46.432470799999976, -23.796174 ], [ -46.433445199999937, -23.79674069999993 ], [ -46.43363869999996, -23.797089599999936 ], [ -46.434079, -23.797374 ], [ -46.434932499999945, -23.797328099999959 ], [ -46.435945899999979, -23.79871339999994 ], [ -46.437382799999966, -23.800128799999982 ], [ -46.438945, -23.80045 ], [ -46.440202, -23.800427 ], [ -46.441832, -23.799983 ], [ -46.441507099999967, -23.799785 ], [ -46.44226279999998, -23.799166 ], [ -46.442483899999957, -23.798705599999948 ], [ -46.442886099999953, -23.798483099999942 ], [ -46.443324399999938, -23.797927299999969 ], [ -46.443920699999978, -23.797763299999929 ], [ -46.444388499999945, -23.797156399999949 ], [ -46.444790699999942, -23.797558899999956 ], [ -46.445088699999985, -23.797528 ], [ -46.445417899999939, -23.796738299999959 ], [ -46.44558539999997, -23.796651 ], [ -46.445818599999939, -23.796916899999928 ], [ -46.446349899999973, -23.795951699999932 ], [ -46.446361499999966, -23.796140699999967 ], [ -46.446585299999981, -23.796082499999955 ], [ -46.446721, -23.796221399999979 ], [ -46.446919, -23.795866699999976 ], [ -46.445434299999931, -23.794499299999927 ], [ -46.442908099999954, -23.794041 ], [ -46.442086, -23.794528199999945 ], [ -46.441732199999933, -23.794466799999952 ], [ -46.440851699999939, -23.795037099999945 ], [ -46.440534299999968, -23.795489399999951 ], [ -46.439640099999963, -23.795870199999968 ], [ -46.438794099999939, -23.795794899999976 ], [ -46.438991199999975, -23.795475 ], [ -46.440253799999937, -23.79457489999993 ], [ -46.44080809999997, -23.793848399999945 ], [ -46.440854299999955, -23.793115299999954 ], [ -46.442161899999974, -23.792029399999933 ], [ -46.443628799999942, -23.791450199999929 ], [ -46.444344299999955, -23.791692 ], [ -46.445206499999983, -23.791282099999933 ], [ -46.445412, -23.791347499999972 ], [ -46.445556099999976, -23.791826599999979 ], [ -46.445741799999951, -23.791944199999932 ], [ -46.445994, -23.792002299999979 ], [ -46.446477899999934, -23.791794399999958 ], [ -46.446655199999952, -23.791922399999976 ], [ -46.447071799999947, -23.791671299999962 ], [ -46.447268299999962, -23.791009499999973 ], [ -46.447466, -23.790826099999947 ], [ -46.447948699999984, -23.791065299999957 ], [ -46.447815799999944, -23.791796499999975 ], [ -46.447940499999959, -23.791990699999928 ], [ -46.448253399999942, -23.792012599999964 ], [ -46.448601399999973, -23.791503199999966 ], [ -46.449673699999948, -23.790986799999928 ], [ -46.449825699999963, -23.791117499999928 ], [ -46.449816599999963, -23.791450899999973 ], [ -46.449986699999954, -23.791524099999947 ], [ -46.449947, -23.791128899999933 ], [ -46.450303899999938, -23.790455099999974 ], [ -46.449923899999931, -23.789064099999962 ], [ -46.450523199999964, -23.788974499999938 ], [ -46.451005299999963, -23.78866979999998 ], [ -46.45177659999996, -23.788083499999971 ], [ -46.451773199999934, -23.787811699999963 ], [ -46.450780299999963, -23.787445 ], [ -46.450024399999961, -23.788197399999945 ], [ -46.449891499999978, -23.787607099999946 ], [ -46.449466399999949, -23.787514699999974 ], [ -46.449137399999984, -23.787726299999974 ], [ -46.44910189999996, -23.788168399999961 ], [ -46.448742, -23.788655499999948 ], [ -46.447911699999963, -23.788092099999972 ], [ -46.447647299999971, -23.788116299999956 ], [ -46.447289599999976, -23.788609199999939 ], [ -46.446712299999945, -23.788560399999938 ], [ -46.446055299999955, -23.788798899999961 ], [ -46.445593499999973, -23.788589599999966 ], [ -46.445777, -23.787866199999939 ], [ -46.445524699999964, -23.787605399999961 ], [ -46.445328899999936, -23.787726499999962 ], [ -46.445463899999936, -23.788069499999949 ], [ -46.444975399999976, -23.788737899999944 ], [ -46.444469799999979, -23.788829299999975 ], [ -46.443913099999975, -23.788607 ], [ -46.443710299999964, -23.788698799999963 ], [ -46.443291, -23.789556399999981 ], [ -46.442778699999963, -23.788988699999948 ], [ -46.442460599999947, -23.788954599999954 ], [ -46.442250499999943, -23.789072699999963 ], [ -46.442295899999976, -23.789371899999935 ], [ -46.441845, -23.789782899999977 ], [ -46.441066899999953, -23.789743899999962 ], [ -46.440868799999976, -23.789513099999965 ], [ -46.440912799999978, -23.789124799999968 ], [ -46.440489699999944, -23.78880909999998 ], [ -46.440788, -23.787993399999948 ], [ -46.440471899999977, -23.787799599999971 ], [ -46.439678799999967, -23.788211 ], [ -46.439771099999973, -23.789314399999967 ], [ -46.43943749999994, -23.789745699999969 ], [ -46.439225099999931, -23.789722899999958 ], [ -46.43842589999997, -23.788891399999955 ], [ -46.437671199999954, -23.788837699999931 ], [ -46.437116299999957, -23.788215099999945 ], [ -46.436666799999955, -23.788427399999932 ], [ -46.437641099999951, -23.787407199999961 ], [ -46.437679, -23.786820599999942 ], [ -46.437437099999954, -23.786513399999933 ], [ -46.436476399999947, -23.786185399999965 ], [ -46.43617009999997, -23.785842299999956 ], [ -46.436089399999958, -23.785454099999981 ], [ -46.435398099999986, -23.785546699999941 ], [ -46.434595199999933, -23.785997899999927 ], [ -46.433470499999942, -23.785814499999958 ], [ -46.43153609999996, -23.786144599999943 ], [ -46.431252399999948, -23.786634399999969 ], [ -46.430989499999953, -23.788570799999945 ] ] ] } },
{ "type": "Feature", "properties": { "CD_REGIAO": "3", "NM_REGIAO": "Sudeste", "CD_UF": "35", "NM_UF": "São Paulo", "CD_MUN": "3547809", "NM_MUN": "Santo André", "CD_DIST": "354780910", "NM_DIST": "Paranapiacaba", "CD_SUBDIST": "35478091000", "NM_SUBDIST": null, "CD_BAIRRO": "3547809103", "NM_BAIRRO": "Parque América", "CD_RGINT": "3501", "NM_RGINT": "São Paulo", "CD_RGI": "350001", "NM_RGI": "São Paulo", "CD_CONCURB": "3550308", "NM_CONCURB": "São Paulo/SP" }, "geometry": { "type": "Polygon", "coordinates": [ [ [ -46.409731499999964, -23.773163599999975 ], [ -46.413376899999946, -23.772413399999948 ], [ -46.415316, -23.770978 ], [ -46.415563, -23.769861 ], [ -46.415425, -23.769287 ], [ -46.415207, -23.769157 ], [ -46.414679, -23.769204 ], [ -46.41192, -23.77004 ], [ -46.41017, -23.769796 ], [ -46.407876, -23.769952 ], [ -46.404083, -23.768064 ], [ -46.400858, -23.767828 ], [ -46.40025, -23.767636 ], [ -46.400414, -23.784415 ], [ -46.415203, -23.785167 ], [ -46.41594, -23.783775 ], [ -46.416037, -23.783057 ], [ -46.415358899999944, -23.780487599999958 ], [ -46.41083059999994, -23.776754599999947 ], [ -46.410336, -23.77614 ], [ -46.409642599999984, -23.774627399999929 ], [ -46.409731499999964, -23.773163599999975 ] ] ] } }
]
}
